음식점,카테고리,별점,리뷰 수,전화번호,주소,restaurant_id,category_id
아웃닭 하양점,한식,1.0,0.023183925811437404,053-853-8292,경북 경산시 하양읍 하양로 26 1층,254,68
나잇앤데이,카페/디저트,0.9,0.013910355486862442,,경북 경산시 진량읍 대구대로 214,55,61
타코베어,카페/디저트,0.9400000000000001,0.0030911901081916537,,경북 경산시 진량읍 대구대로 230 F동 102호,404,61
설빙 경산하양점,디저트카페,0.8400000000000001,0.02009273570324575,053-856-4123,경북 경산시 하양읍 하양로 61-1 1층,215,19
심가튀김족발,"족발,보쌈",1.0,0.00463678516228748,053-854-3989,경북 경산시 진량읍 봉황길 63 1층,248,52
아지트 8-1,카페,1.0,0.0015455950540958269,,경북 경산시 하양읍 아낙고개길 8-1 2층,257,60
준삼겹프리미엄돈육 진량하양점,"육류,고기",1.0,0.0015455950540958269,,경북 경산시 진량읍 대구대로 73,350,42
핸즈커피 하양점,카페/디저트,0.9400000000000001,0.23338485316846985,053-851-1088,경북 경산시 하양읍 하양로 232,455,61
김밥마실 공단점,분식,0.5,0.0015455950540958269,053-854-4040,경북 경산시 진량읍 공단로 462,49,25
도기온,애견카페,0.74,0.11901081916537867,053-851-9271,경북 경산시 하양읍 대경로 117,92,38
본죽&비빔밥cafe 대구대학교점,퓨전한식,0.9,0.0015455950540958269,053-856-3380,경북 경산시 진량읍 대구대로 244 1층,185,66
러빗커피,카페,1.0,0.00463678516228748,,경북 경산시 진량읍 대구대로60길 5-10 1층,116,60
토우,"육류,고기",1.0,0.0015455950540958269,053-852-3043,경북 경산시 진량읍 영청길 27,412,42
마마밥상,한식,1.0,0.11128284389489954,053-851-7798,경북 경산시 진량읍 공단로100길 7,123,68
이삭토스트 경산대구대점,카페/디저트,0.9,0.0015455950540958269,053-854-0248,경북 경산시 진량읍 대구대로 250,317,61
이화참순대,한식,0.86,0.012364760432766615,053-856-3397,경북 경산시 하양읍 대경로147길 8-6,321,68
한솥도시락 대구대점,한식,0.96,0.0030911901081916537,053-854-0056,경북 경산시 진량읍 대구대로 240,445,68
충격정식,한식,0.96,0.00927357032457496,053-856-0016,경북 경산시 하양읍 하양로27길 8,384,68
조방낙지,"해물,생선",0.96,0.0030911901081916537,053-853-2651,경북 경산시 하양읍 대경로 745,347,71
유가네닭갈비 경산하양점,닭요리,0.86,0.03863987635239567,0503-5291-8533,경북 경산시 하양읍 문화로 2,307,14
역전우동0410 경산하양점,"돈까스,우동",0.8,0.017001545595054096,053-856-0410,경북 경산시 하양읍 하양로 56 1층,272,16
뚜레쥬르 경산하양점,"제과,베이커리",0.86,0.0061823802163833074,053-856-6363,경북 경산시 하양읍 하양로 69 크레용빌딩 103호,111,51
선돌댁,한식,0.6599999999999999,0.1143740340030912,053-852-0712,경북 경산시 하양읍 대학로305길 4-1,213,68
참좋은김밥천국 하양점,분식,0.32,0.010819165378670788,053-852-2177,경북 경산시 하양읍 하양로 88,368,25
제일구락부 대구대점,커피전문점,1.0,0.00927357032457496,,경북 경산시 진량읍 대구대로 230 A동,345,63
팔공티 대구대,카페/디저트,1.0,0.0077279752704791345,,경북 경산시 진량읍 대구대로 238 1층,423,61
섬섬밀밀,카페/디저트,0.6,0.1437403400309119,053-852-3301,경북 경산시 진량읍 대구대로 346,216,61
삼청당 경산하양점,분식,1.0,0.017001545595054096,053-267-4647,경북 경산시 하양읍 하양로 19 1층,206,25
흥실생고기,"육류,고기",0.86,0.0061823802163833074,053-857-1192,경북 경산시 하양읍 하양로 51-8 1층,475,42
해르트,커피전문점,0.9199999999999999,0.015455950540958269,010-9801-8021,경북 경산시 하양읍 하양로 45 2층,453,63
커피키친한일,카페,0.76,0.2117465224111283,,경북 경산시 하양읍 금송로 62,397,60
동서한우식육식당,한식,0.9,0.0061823802163833074,053-852-6866,경북 경산시 하양읍 하양로 171,104,68
행운기사님식당,기사식당,0.64,0.010819165378670788,053-857-2341,경북 경산시 진량읍 공단6로 134-13 1층,457,10
용이반점,중식,0.8800000000000001,0.030911901081916538,053-856-2226,경북 경산시 하양읍 대경로 865,296,54
미소국수 경산하양점,국수,0.9,0.03863987635239567,,경북 경산시 하양읍 대경로147길 14-5 1층,154,8
205호,한식,1.0,0.0077279752704791345,010-7112-2052,경북 경산시 하양읍 대경로 669-9 205호,2,68
우리할매떡볶이 경산하양점,떡볶이,0.9,0.021638330757341576,053-856-3417,경북 경산시 하양읍 하양로 35 하양3차우방타운 105동 1층 102호,298,21
전설의숯불고기,"육류,고기",1.0,0.18238021638330756,,경북 경산시 진량읍 공단1로 28-1 1층,339,42
청년다방 대구대학교점,떡볶이,0.2,0.02009273570324575,053-857-3999,경북 경산시 진량읍 대구대로 250,369,21
서부장연평도해물찜,"해물,생선",1.0,0.00463678516228748,053-853-6048,경북 경산시 하양읍 하양로25길 5-1,209,71
본도시락 경산하양점,한식,0.9400000000000001,0.010819165378670788,053-853-4282,경북 경산시 하양읍 대학로 1514 1층,182,68
No.1# 또오고마라탕 경산하양점,중식,0.2,0.0015455950540958269,053-854-8250,경북 경산시 하양읍 대학로298길 19-7 1층,9,54
팔팔생고기 하양점,"육류,고기",0.2,0.0030911901081916537,053-219-8892,경북 경산시 하양읍 하양로 21,424,42
앙쥬베이커리,"제과,베이커리",1.0,0.0030911901081916537,053-852-0403,경북 경산시 하양읍 하양로 184,261,51
타이요,일식,0.9199999999999999,0.03245749613601236,053-851-6848,경북 경산시 하양읍 하양역길 20 2층,403,48
병천청년순대국 하양점,순대,0.8,0.00463678516228748,,경북 경산시 하양읍 대경로 862 b동 1층,178,32
토속정,국수,1.0,0.00463678516228748,053-853-4503,경북 경산시 진량읍 낙산길 29,411,8
언니야닭도리탕&찜닭,닭요리,1.0,0.0015455950540958269,010-2473-9216,"경북 경산시 진량읍 봉황길 12 진량시장 6, 7호",266,14
꿈바우버섯집,한식,0.9400000000000001,0.00463678516228748,,경북 경산시 하양읍 대학로 1544,51,68
디나폴리,카페,0.6599999999999999,0.00463678516228748,053-851-7223,경북 경산시 진량읍 대구대로 290-1,109,60
미미관마라탕 하양점,중식,0.8400000000000001,0.00463678516228748,,경북 경산시 하양읍 문화로 16-1 1층,153,54
대영숯불돼지갈비,갈비,1.0,0.00927357032457496,053-857-9283,경북 경산시 진량읍 해든길1길 6-6,81,1
한솥도시락 대구대점,도시락,0.96,0.0030911901081916537,053-854-0056,경북 경산시 진량읍 대구대로 240,445,15
가야 청국장,한식,0.72,0.01854714064914992,053-854-7711,경북 경산시 하양읍 대학로 1517-9,13,68
러빗커피,카페/디저트,1.0,0.0061823802163833074,,경북 경산시 진량읍 대구대로60길 5-10 1층,116,61
올더모어,카페,0.8,0.11128284389489954,010-980-2390,경북 경산시 하양읍 문화로 90 1층,287,60
와플베어,"제과,베이커리",1.0,0.0077279752704791345,,경북 경산시 진량읍 대구대로 230 F동,292,51
본죽&비빔밥cafe 경산진량점,퓨전한식,1.0,0.0030911901081916537,053-853-6288,경북 경산시 진량읍 공단로 503 1층,184,66
지코바 진량점,치킨,0.8,0.0015455950540958269,053-856-9909,경북 경산시 진량읍 공단2로9길 7,356,59
두부마을,두부전문점,0.2,0.010819165378670788,053-854-9800,경북 경산시 하양읍 화성로 242,106,18
명랑핫도그 하양점,패스트푸드,0.8,0.0030911901081916537,053-216-9716,경북 경산시 하양읍 하양로 74-1 1층,143,65
환도네,한식,1.0,0.04791344667697063,010-5510-7309,경북 경산시 진량읍 대구대로 283 1층,469,68
써브웨이 경산하양점,샌드위치,0.74,0.02627511591962906,053-857-5761,경북 경산시 하양읍 하양로 34 1층,252,29
하양닭서리,치킨,0.9,0.05873261205564142,,경북 경산시 진량읍 대학로 1332,438,59
수연식당,한식,0.9,0.015455950540958269,010-7189-9540,경북 경산시 하양읍 무학로3길 5,224,68
우방김밥분식,분식,0.5599999999999999,0.0030911901081916537,053-854-4333,경북 경산시 하양읍 문화로 3,299,25
송이돼지국밥,한식,0.8800000000000001,0.01854714064914992,053-851-3245,경북 경산시 하양읍 대경로 844,222,68
신기한꽃게장 하양점,한식,0.2,0.02472952086553323,053-857-8887,경북 경산시 하양읍 대학로 1512 1층,242,68
후라이드참잘하는집 하양점,치킨,1.0,0.012364760432766615,053-857-0426,경북 경산시 하양읍 대경로147길 14 1층 102호,472,59
평사튀김떡볶이,떡볶이,0.4,0.00463678516228748,053-853-2884,경북 경산시 진량읍 대구대로 287,425,21
누리마을감자탕 하양점,감자탕,0.4,0.14992272024729522,053-854-2277,경북 경산시 하양읍 대경로 709,65,2
순살의민족&화평댁닭구이 하양점,닭요리,1.0,0.04327666151468315,0502-5550-3533,경북 경산시 하양읍 대경로 669-6 1층 105호,225,14
한우99갈비,갈비,0.3,0.0030911901081916537,053-851-8044,경북 경산시 진량읍 공단2로9길 19,448,1
대풍이주먹밥 하양점,분식,0.9,0.00463678516228748,053-851-5016,경북 경산시 하양읍 하양역길 19-3 1층,85,25
도리집 하양점,일식,1.0,0.00927357032457496,,경북 경산시 하양읍 하양로 47 104호,95,48
오가네짬뽕,중국요리,1.0,0.021638330757341576,,경북 경산시 하양읍 서사도리9로 18 골드주차타워 102호,277,53
대원식당,한식,0.8,0.0015455950540958269,053-856-8577,경북 경산시 진량읍 공단5로4길 54,83,68
양푼이 국수,국수,1.0,0.0015455950540958269,053-856-9494,경북 경산시 진량읍 공단2로 43,264,8
뚜레쥬르 경산하양점,"제과,베이커리",0.86,0.0061823802163833074,053-856-6363,경북 경산시 하양읍 하양로 69 크레용빌딩 103호,111,51
시인과촌장,"호프,요리주점",0.9199999999999999,0.0030911901081916537,054-851-6316,경북 경산시 하양읍 하양로 76-1,241,74
와촌식육식당 진량1호점,"육류,고기",0.33999999999999997,0.015455950540958269,053-856-8893,경북 경산시 진량읍 대학로 1052 1층,289,42
올더모어,카페,0.8,0.11128284389489954,010-980-2390,경북 경산시 하양읍 문화로 90 1층,287,60
맘스터치 대구대점,패스트푸드,0.86,0.0030911901081916537,053-246-2004,경북 경산시 진량읍 대구대로 252-2,135,65
장호덕손만두 경산하양점,분식,0.8,0.15919629057187018,053-856-1123,경북 경산시 하양읍 하양로 35 하양우방타운3차아파트 상가동 1층 122호,338,25
밥먹고갑시다,한식,1.0,0.0015455950540958269,,경북 경산시 하양읍 금송로 58 A동,164,68
가지골소고기국밥,국밥,0.6,0.0633693972179289,053-816-3388,경북 경산시 진량읍 일연로 722,16,7
기영이숯불두마리치킨 경산하양점,치킨,0.2,0.02627511591962906,053-851-0592,경북 경산시 하양읍 대학로 1514 1층,45,59
임가네해물촌 진량점,한식,0.8,0.00927357032457496,053-856-3386,경북 경산시 진량읍 대학로 1410,331,68
태성추어탕,한식,1.0,0.012364760432766615,053-851-7552,경북 경산시 하양읍 하양로 221,406,68
배스킨라빈스 경산무학점,아이스크림,0.7,0.0061823802163833074,053-857-6788,경북 경산시 하양읍 서사도리4로 2,166,37
엄마네손맛,한식,0.8,0.0015455950540958269,053-854-3443,경북 경산시 하양읍 대곡로 8,268,68
안동찜닭전문점 안동 본점,닭요리,1.0,0.03709428129829984,053-851-7171,경북 경산시 하양읍 문화로 12,258,14
평화김해뒷고기 하양점,"육류,고기",0.33999999999999997,0.023183925811437404,,경북 경산시 하양읍 대경로 653 휴가오피스텔 1층,426,42
애월연어 진량점,일식,1.0,0.0061823802163833074,053-856-8037,경북 경산시 진량읍 공단6로24길 23-8 1층,262,48
카페빈트리,카페/디저트,1.0,0.0030911901081916537,053-852-3310,경북 경산시 하양읍 대경로159길 30 1층,391,61
팔팔생고기 하양점,"육류,고기",0.2,0.0030911901081916537,053-219-8892,경북 경산시 하양읍 하양로 21,424,42
비니 쌀국수,베트남음식,1.0,0.0015455950540958269,,경북 경산시 진량읍 부림로 281-11 1층,194,23
카페아이엔지 대구대학교점,카페,0.6,0.00463678516228748,0506-731-0033,경북 경산시 진량읍 대구대로 201 본관 지하1층,392,60
대가선지해장국,해장국,0.86,0.00463678516228748,053-853-9200,경북 경산시 하양읍 하양로 192,75,72
본봉베이커리,"제과,베이커리",1.0,0.015455950540958269,,경북 경산시 하양읍 하양로 170 1층,183,51
한솥도시락 하양무학점,도시락,1.0,0.015455950540958269,053-851-8972,경북 경산시 하양읍 서사도리7로 21 에스지타워 1층 106호,446,15
역전우동0410 경산대구대점,"돈까스,우동",0.4,0.0015455950540958269,053-853-1790,경북 경산시 진량읍 대구대로 252-3 1층,271,16
동궁찜닭 하양점,닭요리,0.8,0.0030911901081916537,053-851-9876,경북 경산시 하양읍 하양로 27 하양우방타운2차아파트 상가동 1층,100,14
다미,일본식주점,1.0,0.02936630602782071,053-853-3200,경북 경산시 하양읍 대경로147길 8 1층,68,47
오늘도술이달다,한식,1.0,0.0030911901081916537,,경북 경산시 진량읍 공단로 469,278,68
하양용두쭈꾸미,한식,1.0,0.19938176197836166,070-8866-4313,경북 경산시 하양읍 대학로298길 22 1층,441,68
프레드피자 하양진량점,피자,1.0,0.0077279752704791345,053-216-0406,경북 경산시 하양읍 아낙고개길6길 18,432,67
통큰김밥,한식,0.6,0.0077279752704791345,053-852-5501,경북 경산시 진량읍 공단2로 1,414,68
도로이,일본식주점,0.8400000000000001,0.05255023183925812,010-6575-8005,경북 경산시 하양읍 하양로 53-2 1층,94,47
샌드샌드,카페,1.0,0.012364760432766615,010-5170-0720,경북 경산시 진량읍 다문로 382 2층,207,60
스타벅스 경산하양DT점,카페/디저트,0.96,0.07418856259659969,1522-3232,경북 경산시 진량읍 대학로 1417,233,61
평사튀김떡볶이,떡볶이,0.4,0.00463678516228748,053-853-2884,경북 경산시 진량읍 대구대로 287,425,21
산아래,한식,1.0,0.0030911901081916537,053-854-8338,경북 경산시 하양읍 동서2길 41,201,68
선돌댁,한식,0.6599999999999999,0.1143740340030912,053-852-0712,경북 경산시 하양읍 대학로305길 4-1,213,68
푸라닭치킨 경산진량점,치킨,1.0,0.0015455950540958269,053-851-9206,경북 경산시 진량읍 다문로 85,428,59
낫낫,아시아/퓨전,0.9400000000000001,0.1143740340030912,053-851-7906,경북 경산시 하양읍 대학로 1512-2 1층,59,36
송이돼지국밥,국밥,0.8800000000000001,0.01854714064914992,053-851-3245,경북 경산시 하양읍 대경로 844,222,7
구포국수 하양본점,아시아/퓨전,0.72,0.023183925811437404,053-857-0606,경북 경산시 하양읍 하양로33길 3 1층,38,36
배스킨라빈스 경산하양점,아이스크림,0.45999999999999996,0.0061823802163833074,053-853-8132,경북 경산시 하양읍 하양로 58 1층,168,37
한들애,한식뷔페,0.5,0.0015455950540958269,053-851-9292,경북 경산시 하양읍 금송로 171,444,69
가야 청국장,한식,0.72,0.01854714064914992,053-854-7711,경북 경산시 하양읍 대학로 1517-9,13,68
BHC치킨 경산하양점,치킨,1.0,0.0077279752704791345,053-852-2098,경북 경산시 하양읍 하양로37길 19 코아루2차상가 1층,8,59
나미야,일식,0.9400000000000001,0.023183925811437404,,경북 경산시 하양읍 대경로147길 14,54,48
일미닭갈비밀면 대구대점,한식,0.6,0.0077279752704791345,053-853-1219,경북 경산시 진량읍 대구대로 238 2층,326,68
와플대학 경산하양캠퍼스,"제과,베이커리",1.0,0.01854714064914992,053-852-7151,경북 경산시 하양읍 하양로 35 하양우방타운 3차아파트 상가동 105동 1층 117호,291,51
가마솥서울식당,한식,1.0,0.0015455950540958269,053-856-6889,경북 경산시 하양읍 조산천서길 27,10,68
마사커피 하양점,카페,1.0,0.0030911901081916537,,경북 경산시 하양읍 대학로 1527,125,60
몬스터커피 경산하양점,커피전문점,1.0,0.017001545595054096,0507-0289-4111,경북 경산시 하양읍 서사도리4로 5 메이플라워 104호,147,63
강원도래요,한식,0.54,0.0015455950540958269,053-852-8494,경북 경산시 하양읍 대학로298길 19 1층,19,68
교동면옥 진량점,냉면,0.64,0.08191653786707882,053-854-0222,경북 경산시 진량읍 다문로 102,33,11
하양용두쭈꾸미,한식,1.0,0.19938176197836166,070-8866-4313,경북 경산시 하양읍 대학로298길 22 1층,441,68
다미,일식,1.0,0.02936630602782071,053-853-3200,경북 경산시 하양읍 대경로147길 8 1층,68,48
메가MGC커피 대구대학점,카페/디저트,0.74,0.0030911901081916537,053-857-9032,경북 경산시 진량읍 대구대로 244 1층,140,61
신대게 하양점,"게,대게",1.0,0.0030911901081916537,010-7733-7519,경북 경산시 하양읍 하양로 83,243,3
도로이,일본식주점,0.8400000000000001,0.05255023183925812,010-6575-8005,경북 경산시 하양읍 하양로 53-2 1층,94,47
차이나타운,중식,0.6799999999999999,0.04945904173106646,,경북 경산시 하양읍 하양로 218 1층,366,54
김경옥닭발전문점 하양점,닭요리,0.4,0.00463678516228748,053-852-3456,경북 경산시 하양읍 하양로 63-1,48,14
스시카츠 하양점,"초밥,롤",1.0,0.04636785162287481,053-852-7445,경북 경산시 하양읍 대경로 669-6 1층,230,57
배서방 돼지국밥,음식점,1.0,0.00463678516228748,,경북 경산시 진량읍 공단1로 44,165,43
누리마을감자탕 하양점,한식,0.4,0.14992272024729522,053-854-2277,경북 경산시 하양읍 대경로 709,65,68
백년미소장수촌,삼계탕,0.76,0.12364760432766615,053-854-2121,경북 경산시 하양읍 화성로 46,170,28
기영이숯불두마리치킨 경산하양점,치킨,0.2,0.02627511591962906,053-851-0592,경북 경산시 하양읍 대학로 1514 1층,45,59
구스켓인더크로플 하양점,커피전문점,1.0,0.03400309119010819,,경북 경산시 하양읍 금송로 2-1 1층,37,63
이디야커피 하양무학점,커피전문점,1.0,0.0061823802163833074,053-856-3374,경북 경산시 하양읍 서사도리7로 17 1층,316,63
나미야,일식,0.9400000000000001,0.023183925811437404,,경북 경산시 하양읍 대경로147길 14,54,48
꿈에본춘천집 하양점,닭요리,0.4,0.0077279752704791345,053-853-8988,경북 경산시 하양읍 하양로 73,52,14
다낭쌀국수,베트남음식,1.0,0.0030911901081916537,010-3307-8683,경북 경산시 하양읍 하양로 23 2층,66,23
못뚝식당,한식,0.74,0.00927357032457496,053-853-1648,경북 경산시 와촌면 대경로 1017 1층,148,68
평사튀김떡볶이,분식,0.4,0.00463678516228748,053-853-2884,경북 경산시 진량읍 대구대로 287,425,25
백스비어 하양점,"호프,요리주점",1.0,0.0061823802163833074,053-857-2224,경북 경산시 하양읍 하양로 46 1층,172,74
원조24시 굴뚝배기전문,한식,0.7,0.00463678516228748,053-852-2282,경북 경산시 진량읍 대학로 1394,304,68
복전복전,한식,0.6,0.0015455950540958269,053-857-5673,경북 경산시 진량읍 일연로 745-3,181,68
비니 쌀국수,아시아/퓨전,1.0,0.0015455950540958269,,경북 경산시 진량읍 부림로 281-11 1층,194,36
중화당 손칼국수,칼국수,1.0,0.0061823802163833074,053-851-2345,경북 경산시 하양읍 아낙고개길8길 4,352,62
대구반야월막창 진량점,"곱창,막창",0.8,0.0030911901081916537,053-851-2009,경북 경산시 진량읍 공단1로 49,79,5
주유천하,"호프,요리주점",0.6,0.0015455950540958269,010-6558-7744,경북 경산시 하양읍 아낙고개길 12 1층,349,74
밤마실,술집,0.86,0.0061823802163833074,053-853-2007,경북 경산시 진량읍 대구대로13길 12-2,163,33
마사커피 하양점,카페,1.0,0.0030911901081916537,,경북 경산시 하양읍 대학로 1527,125,60
우유니커피,카페,1.0,0.0061823802163833074,,경북 경산시 하양읍 대경로147길 22,301,60
원할머니보쌈족발 경산하양점,"족발,보쌈",1.0,0.012364760432766615,053-851-6333,경북 경산시 하양읍 대학로295길 14 1층,306,52
류센소 경산하양점,일본식라면,0.8,0.10046367851622875,,경북 경산시 하양읍 서사도리7로 24 1층,119,46
다올,카페/디저트,1.0,0.012364760432766615,,경북 경산시 와촌면 용천길 133-6,70,61
신전떡볶이 하양점,떡볶이,0.52,0.015455950540958269,053-852-6339,경북 경산시 하양읍 문화로 14 1층,245,21
푸라닭치킨 경산진량점,치킨,1.0,0.0015455950540958269,053-851-9206,경북 경산시 진량읍 다문로 85,428,59
땅스부대찌개 경산하양점,"찌개,전골",1.0,0.0401854714064915,010-6293-5090,경북 경산시 하양읍 하양로 87-2 1층,110,55
다방물볕,다방,0.9400000000000001,0.0865533230293663,053-857-8288,경북 경산시 하양읍 무학로 8,69,12
행복한 맛고을,닭요리,0.76,0.00463678516228748,053-201-1239,경북 경산시 하양읍 대곡로 22-3 1층,456,14
피자마루 경산하양점,피자,0.6,0.0015455950540958269,053-851-1082,경북 경산시 하양읍 하양로 27 하양2차우방타운 상가동 105호,433,67
BHC치킨 경산무학점,치킨,0.2,0.0061823802163833074,053-857-9292,경북 경산시 하양읍 서사도리9로 6 102호,6,59
파리바게뜨 경산하양점,"제과,베이커리",0.6,0.0030911901081916537,053-853-8222,경북 경산시 하양읍 하양로 64,419,51
청년다방 대구대학교점,분식,0.2,0.02009273570324575,053-857-3999,경북 경산시 진량읍 대구대로 250,369,25
기영이숯불두마리치킨 경산하양점,치킨,0.2,0.02627511591962906,053-851-0592,경북 경산시 하양읍 대학로 1514 1층,45,59
분식회사,분식,0.6,0.0015455950540958269,053-851-2242,경북 경산시 하양읍 서사도리로 71 경산하양우미링에코포레 상가2동 101호,193,25
나미야,일식집,0.9400000000000001,0.023183925811437404,,경북 경산시 하양읍 대경로147길 14,54,49
서산옥,한식,0.9,0.012364760432766615,053-854-3431,경북 경산시 와촌면 하양로 429 1층,210,68
쩐닭,치킨,0.7,0.0015455950540958269,,경북 경산시 진량읍 대구대로 318-3,364,59
1058면 하양점,일본식라면,0.78,0.0401854714064915,,경북 경산시 하양읍 하양로 63 2층,0,46
카페엘엘엘,카페,0.9800000000000001,0.05564142194744977,,경북 경산시 하양읍 도리길 3,393,60
아웃닭 하양점,한식,1.0,0.023183925811437404,053-853-8292,경북 경산시 하양읍 하양로 26 1층,254,68
지성이해물찜 하양점,"해물,생선",1.0,0.0015455950540958269,070-4067-8259,경북 경산시 하양읍 금송로 56,355,71
더테이블,양식,1.0,0.05409582689335394,053-263-6679,경북 경산시 하양읍 대학로305길 34-2,90,40
프랭크버거 경산하양점,햄버거,0.6,0.017001545595054096,053-854-0406,경북 경산시 하양읍 하양역길 15 1층,431,73
카츠데이,일식,1.0,0.0061823802163833074,010-2135-9032,경북 경산시 진량읍 대구대로 244 1층,388,48
원할머니보쌈족발 경산하양점,한식,1.0,0.012364760432766615,053-851-6333,경북 경산시 하양읍 대학로295길 14 1층,306,68
구포국수 하양본점,국수,0.72,0.023183925811437404,053-857-0606,경북 경산시 하양읍 하양로33길 3 1층,38,8
순살의민족&화평댁닭구이 하양점,닭요리,1.0,0.04327666151468315,0502-5550-3533,경북 경산시 하양읍 대경로 669-6 1층 105호,225,14
컴포즈커피 경산하양우미린점,커피전문점,0.2,0.00927357032457496,070-7717-7544,경북 경산시 하양읍 서사도리4로 5 1층 102호,398,63
일품짬뽕,중식,0.4,0.0030911901081916537,053-852-8002,경북 경산시 하양읍 대경로 763-13,330,54
강원도래요,감자탕,0.54,0.0015455950540958269,053-852-8494,경북 경산시 하양읍 대학로298길 19 1층,19,2
서부장연평도해물찜,"해물,생선",1.0,0.00463678516228748,053-853-6048,경북 경산시 하양읍 하양로25길 5-1,209,71
차돌풍 경산하양점,"육류,고기",0.7,0.03863987635239567,053-852-9293,경북 경산시 하양읍 하양역길 20 1층,365,42
발리다포차 경산하양점,"호프,요리주점",0.7,0.04791344667697063,010-5820-0114,"경북 경산시 하양읍 서사도리7로 21 SG타워 111,112호",162,74
컴포즈커피 경산하양우미린점,커피전문점,0.2,0.00927357032457496,070-7717-7544,경북 경산시 하양읍 서사도리4로 5 1층 102호,398,63
골목숯불뒷고기,한식,1.0,0.0015455950540958269,053-854-9006,경북 경산시 진량읍 공단2로7길 8 1층,30,68
가야 청국장,한식,0.72,0.01854714064914992,053-854-7711,경북 경산시 하양읍 대학로 1517-9,13,68
신대게 하양점,"게,대게",1.0,0.0030911901081916537,010-7733-7519,경북 경산시 하양읍 하양로 83,243,3
발리다포차 경산하양점,"호프,요리주점",0.7,0.04791344667697063,010-5820-0114,"경북 경산시 하양읍 서사도리7로 21 SG타워 111,112호",162,74
텐퍼센트커피 경산하양점,커피전문점,1.0,0.0015455950540958269,053-213-0815,경북 경산시 하양읍 하양로 55 1층,409,63
구포국수 하양본점,아시아/퓨전,0.72,0.023183925811437404,053-857-0606,경북 경산시 하양읍 하양로33길 3 1층,38,36
차이나타운,중국요리,0.6799999999999999,0.04945904173106646,,경북 경산시 하양읍 하양로 218 1층,366,53
BBQ 경산무학점,치킨,1.0,0.0030911901081916537,053-856-3816,경북 경산시 하양읍 서사도리7로 21 SG타워 1층 113호,5,59
쉬다가게,카페,1.0,0.00463678516228748,,경북 경산시 진량읍 버티미길 74 1층,228,60
술닭 하양점,술집,1.0,0.00463678516228748,053-851-7704,경북 경산시 하양읍 대학로305길 51-2 1층,226,33
삼송꾼만두 하양점,분식,1.0,0.012364760432766615,053-854-8806,경북 경산시 하양읍 대학로298길 22,204,25
이유있는감자탕 하양점,한식,0.96,0.06646058732612056,,경북 경산시 하양읍 대경로 865,319,68
뚝배기일번지,해장국,0.8,0.0015455950540958269,0507-1864-5659,경북 경산시 하양읍 하양로 173,112,72
쏠크,카페,1.0,0.0030911901081916537,053-856-5977,경북 경산시 진량읍 봉황길 75,253,60
이상한키친,피자,1.0,0.03400309119010819,,경북 경산시 하양읍 문화로 10 1층,318,67
장수오리 하양점,한식,1.0,0.017001545595054096,,경북 경산시 진량읍 대학로 1430,334,68
해금강복어,한식,1.0,0.0030911901081916537,053-856-8483,경북 경산시 하양읍 조산천동길 12,452,68
막창도둑 하양점,"곱창,막창",0.2,0.0077279752704791345,053-856-7767,경북 경산시 하양읍 조산천동길 22 1층,131,5
차이나타운,중식,0.6799999999999999,0.04945904173106646,,경북 경산시 하양읍 하양로 218 1층,366,54
테이큰스시,"초밥,롤",0.6,0.013910355486862442,,경북 경산시 하양읍 서사도리로 71 경산하양 우미린 에코포레 상가2동 102호,408,57
교동면옥 하양점,한식,0.9199999999999999,0.09119010819165378,053-854-7222,경북 경산시 하양읍 하양로 202-9 1층,34,68
청명식육식당,"육류,고기",0.74,0.010819165378670788,053-267-1300,"경북 경산시 하양읍 조산천동길 10 1,2층",371,42
오늘도술이달다,한식,1.0,0.0030911901081916537,,경북 경산시 진량읍 공단로 469,278,68
한우99갈비,갈비,0.3,0.0030911901081916537,053-851-8044,경북 경산시 진량읍 공단2로9길 19,448,1
왕곱배기냉면 진량점,냉면,0.8,0.013910355486862442,053-853-8188,경북 경산시 진량읍 다문로 64-1 1층,294,11
나잇앤데이,카페,0.8800000000000001,0.013910355486862442,,경북 경산시 진량읍 대구대로 214,55,60
장수삼계탕,삼계탕,0.7,0.0015455950540958269,053-852-8058,경북 경산시 진량읍 낙산길 54,333,28
여부초밥 하양직영점,"초밥,롤",0.86,0.0015455950540958269,053-854-0998,경북 경산시 하양읍 대경로147길 8,270,57
대패생각 하양점,한식,1.0,0.42967542503863987,053-856-0045,경북 경산시 하양읍 하양로37길 8,84,68
안동하회마을,한식,0.74,0.0015455950540958269,053-856-1999,경북 경산시 진량읍 대구대로 248,259,68
역전할머니맥주 경산하양점,"호프,요리주점",1.0,0.0030911901081916537,053-213-8993,경북 경산시 하양읍 하양로 23,273,74
바른치킨 경산하양점,치킨,1.0,0.0030911901081916537,053-851-9993,경북 경산시 하양읍 하양역길 18 1층,160,59
섬섬밀밀,카페/디저트,0.6,0.1437403400309119,053-852-3301,경북 경산시 진량읍 대구대로 346,216,61
타코베어,카페/디저트,0.9400000000000001,0.0030911901081916537,,경북 경산시 진량읍 대구대로 230 F동 102호,404,61
수연식당,한식,0.9,0.015455950540958269,010-7189-9540,경북 경산시 하양읍 무학로3길 5,224,68
BHC치킨 경산하양점,치킨,1.0,0.0077279752704791345,053-852-2098,경북 경산시 하양읍 하양로37길 19 코아루2차상가 1층,8,59
공차 경산하양점,카페,0.7,0.0015455950540958269,053-214-0090,경북 경산시 하양읍 하양로 35 하양3차우방타운 105동 123호,32,60
쏠크,카페,1.0,0.0030911901081916537,053-856-5977,경북 경산시 진량읍 봉황길 75,253,60
다무까,국수,0.6,0.0015455950540958269,053-854-6688,"경북 경산시 하양읍 은호길 10 1, 2층",67,8
진찜닭,닭요리,1.0,0.017001545595054096,053-854-2998,경북 경산시 진량읍 대학로 1056,363,14
용이반점,중식,0.8800000000000001,0.030911901081916538,053-856-2226,경북 경산시 하양읍 대경로 865,296,54
후라이드참잘하는집 하양점,치킨,1.0,0.012364760432766615,053-857-0426,경북 경산시 하양읍 대경로147길 14 1층 102호,472,59
다왕갈비탕 무학점,한식,0.8,0.02009273570324575,053-857-7288,경북 경산시 하양읍 서사도리7로 6,72,68
쥬쥬홈,"떡,한과",1.0,0.0061823802163833074,010-7465-1850,경북 경산시 하양읍 금송로 56 쥬쥬홈,353,20
우당탕반점,중국요리,0.6,0.010819165378670788,053-854-3884,경북 경산시 진량읍 대구대로 252-1,297,53
BBQ 경산무학점,치킨,1.0,0.0030911901081916537,053-856-3816,경북 경산시 하양읍 서사도리7로 21 SG타워 1층 113호,5,59
누리마을감자탕 하양점,한식,0.4,0.14992272024729522,053-854-2277,경북 경산시 하양읍 대경로 709,65,68
심가튀김족발,"족발,보쌈",1.0,0.00463678516228748,053-854-3989,경북 경산시 진량읍 봉황길 63 1층,248,52
바다축제,"해물,생선",1.0,0.0030911901081916537,,경북 경산시 하양읍 대경로 719,159,71
배스킨라빈스 경산진량점,아이스크림,1.0,0.010819165378670788,,경북 경산시 진량읍 다문로 67,167,37
오씨칼국수명가,칼국수,0.86,0.2550231839258114,053-856-3354,경북 경산시 진량읍 해든길1길 9-1,283,62
한우촌식육식당,"육류,고기",1.0,0.02936630602782071,053-856-3335,경북 경산시 하양읍 조산천서길 71,449,42
롯데리아 하양점,패스트푸드,0.6599999999999999,0.0030911901081916537,053-854-8500,경북 경산시 하양읍 하양로 126,118,65
미현양분식,분식,1.0,0.0015455950540958269,053-851-3461,경북 경산시 하양읍 하양로 119-11,158,25
한우촌식육식당,"육류,고기",1.0,0.02936630602782071,053-856-3335,경북 경산시 하양읍 조산천서길 71,449,42
본봉베이커리,"제과,베이커리",1.0,0.015455950540958269,,경북 경산시 하양읍 하양로 170 1층,183,51
홍대불고기 대구대점,한식,0.8,0.00927357032457496,010-5577-1738,경북 경산시 진량읍 대구대로 212,466,68
비호생활관 학생식당 다올,한식,0.86,0.0030911901081916537,,경북 경산시 진량읍 대구대로 201 대구대학교경산캠퍼스 2층,196,68
등촌샤브칼국수 하양점,샤브샤브,0.64,0.04945904173106646,053-710-0405,경북 경산시 하양읍 하양역길 10 2층,108,30
메밀마을,국수,1.0,0.02936630602782071,053-853-5870,경북 경산시 하양읍 조산천동길 52,141,8
장호덕손만두 경산하양점,분식,0.8,0.15919629057187018,053-856-1123,경북 경산시 하양읍 하양로 35 하양우방타운3차아파트 상가동 1층 122호,338,25
온천골가마솥한우국밥 진량점,국밥,0.64,0.021638330757341576,053-857-5575,경북 경산시 진량읍 대학로 1028,286,7
모짜르트베이커리,"제과,베이커리",0.8,0.08346213292117466,053-853-9893,경북 경산시 하양읍 하양로 94 1층,145,51
리안,카페,1.0,0.00463678516228748,,경북 경산시 하양읍 서사도리7로 28 1층,120,60
충격정식,한식,0.96,0.00927357032457496,053-856-0016,경북 경산시 하양읍 하양로27길 8,384,68
커피맘,카페/디저트,0.9400000000000001,0.0015455950540958269,054-853-9003,경북 경산시 하양읍 대경로159길 23-1,396,61
맘스터치 신대구경일대점,패스트푸드,0.7,0.0015455950540958269,053-816-4242,경북 경산시 하양읍 가마실길 46 2층,136,65
락참치연어 경산하양점,참치회,1.0,0.010819165378670788,0507-1463-4404,경북 경산시 하양읍 서사도리7로 19 골든스테이트 1층,115,56
스시201,"초밥,롤",0.7,0.1205564142194745,053-710-2010,경북 경산시 하양읍 하양로 46,229,57
읍천리382 경북대가대점,커피전문점,1.0,0.00927357032457496,053-856-0382,경북 경산시 하양읍 하양로 34 1층,313,63
청춘라면,분식,1.0,0.017001545595054096,,경북 경산시 진량읍 대구대로 252 1층,375,25
오복반점,중국요리,0.96,0.010819165378670788,053-856-5055,경북 경산시 하양읍 문화로 10 1층,281,53
왕이모네식당,한식,0.9800000000000001,0.04636785162287481,053-852-6250,경북 경산시 진량읍 대구대로60길 5-10,295,68
다미,일본식주점,1.0,0.02936630602782071,053-853-3200,경북 경산시 하양읍 대경로147길 8 1층,68,47
앙쥬베이커리,카페/디저트,1.0,0.0030911901081916537,053-852-0403,경북 경산시 하양읍 하양로 184,261,61
심쿵한돈김치찜,"육류,고기",0.8,0.0030911901081916537,,경북 경산시 하양읍 하양로 35 105동 106호,250,42
산호아나고,장어,1.0,0.00463678516228748,053-851-8811,경북 경산시 진량읍 공단1로 13,202,50
청년찌개 하양점,"찌개,전골",1.0,0.11901081916537867,070-8691-1557,경북 경산시 진량읍 상림2길 11 1층,370,55
포항식당,"굴,전복",0.6,0.0030911901081916537,053-812-7599,경북 경산시 하양읍 금송로 19-1 1층,427,9
더테이블,양식,1.0,0.05409582689335394,053-263-6679,경북 경산시 하양읍 대학로305길 34-2,90,40
드라이브커피,커피전문점,1.0,0.012364760432766615,,경북 경산시 하양읍 화성로 317,107,63
애월연어 진량점,일식,1.0,0.0061823802163833074,053-856-8037,경북 경산시 진량읍 공단6로24길 23-8 1층,262,48
여부초밥 하양직영점,"초밥,롤",0.86,0.0015455950540958269,053-854-0998,경북 경산시 하양읍 대경로147길 8,270,57
막창도둑 하양점,한식,0.2,0.0077279752704791345,053-856-7767,경북 경산시 하양읍 조산천동길 22 1층,131,68
하양용두쭈꾸미,"해물,생선",1.0,0.19938176197836166,070-8866-4313,경북 경산시 하양읍 대학로298길 22 1층,441,71
봉자막창 하양점,"곱창,막창",1.0,0.04173106646058733,,경북 경산시 하양읍 문화로 10,188,5
교동면옥 하양점,한식,0.9199999999999999,0.09119010819165378,053-854-7222,경북 경산시 하양읍 하양로 202-9 1층,34,68
삼송꾼만두 하양점,분식,1.0,0.012364760432766615,053-854-8806,경북 경산시 하양읍 대학로298길 22,204,25
슬로우캘리 하양점,양식,1.0,0.02009273570324575,,경북 경산시 하양읍 하양로 64,238,40
낭만비어,"호프,요리주점",1.0,0.0015455950540958269,,경북 경산시 하양읍 대경로 661-8,60,74
미현양분식,분식,1.0,0.0015455950540958269,053-851-3461,경북 경산시 하양읍 하양로 119-11,158,25
진량소머리곰탕,곰탕,0.74,0.0030911901081916537,053-853-0016,경북 경산시 진량읍 일연로 730,358,4
메가MGC커피 경산하양점,커피전문점,1.0,0.0061823802163833074,053-851-6200,경북 경산시 하양읍 하양로 66 1층 4호,139,63
뚝배기일번지,한식,0.8,0.0015455950540958269,0507-1864-5659,경북 경산시 하양읍 하양로 173,112,68
일품장수미역 진량점,한식,0.6,0.0077279752704791345,053-851-3302,경북 경산시 진량읍 공단1로 42,329,68
삼청당 경산하양점,분식,1.0,0.017001545595054096,053-267-4647,경북 경산시 하양읍 하양로 19 1층,206,25
빨봉분식 대구대학교점,분식,0.8,0.0030911901081916537,,경북 경산시 진량읍 대구대로 216-1 1층,198,25
미소국수 경산하양점,아시아/퓨전,0.9,0.03863987635239567,,경북 경산시 하양읍 대경로147길 14-5 1층,154,36
대패생각 하양점,한식,1.0,0.42967542503863987,053-856-0045,경북 경산시 하양읍 하양로37길 8,84,68
프레드피자 하양진량점,피자,1.0,0.0077279752704791345,053-216-0406,경북 경산시 하양읍 아낙고개길6길 18,432,67
태화반점 타이짬뽕 본점,중국요리,0.74,0.0401854714064915,053-851-0808,경북 경산시 진량읍 다문로 55 1층,407,53
미도방분식,분식,1.0,0.0077279752704791345,053-854-0004,경북 경산시 하양읍 하양로 119-1,151,25
육대장 하양점,국밥,0.8,0.03245749613601236,053-854-7888,경북 경산시 하양읍 대경로 849,310,7
대호돼지국밥,한식,0.9400000000000001,0.04327666151468315,053-854-0058,경북 경산시 와촌면 하양로 370,86,68
서양국수,이탈리안,1.0,0.00927357032457496,,경북 경산시 하양읍 하양역길 18,212,44
정식당,한식,1.0,0.0015455950540958269,,경북 경산시 하양읍 대경로105길 18,343,68
숯,한식,0.6,0.0030911901081916537,,경북 경산시 하양읍 하양로 193,227,68
어림지 해장국,해장국,0.8,0.00927357032457496,053-857-8280,경북 경산시 하양읍 대경로 882 1층,265,72
가야등뼈,감자탕,0.6599999999999999,0.00463678516228748,053-854-0663,경북 경산시 진량읍 다문로 106,14,2
밥먹고갑시다,한식,1.0,0.0015455950540958269,,경북 경산시 하양읍 금송로 58 A동,164,68
혼샤브,샤브샤브,0.78,0.0401854714064915,053-854-7009,경북 경산시 하양읍 대경로 669-6,465,30
하양생고기,"육류,고기",1.0,0.02009273570324575,,경북 경산시 하양읍 서사도리5로 15,439,42
낫낫,아시아/퓨전,0.9400000000000001,0.1143740340030912,053-851-7906,경북 경산시 하양읍 대학로 1512-2 1층,59,36
대영숯불돼지갈비,갈비,1.0,0.00927357032457496,053-857-9283,경북 경산시 진량읍 해든길1길 6-6,81,1
참뼈감자탕 진량점,한식,0.2,0.0061823802163833074,053-852-3386,경북 경산시 진량읍 대학로 1390,367,68
호식이두마리치킨 하양동서점,치킨,1.0,0.0030911901081916537,,"경북 경산시 하양읍 하양로 202-10 하양2차청구타운아파트 상가 113동 1층 103,104호",461,59
몬스터커피 경산 대구대점,카페,1.0,0.0030911901081916537,070-8836-1356,경북 경산시 진량읍 대구대로 240,146,60
옹심이메밀칼국수 하양점,칼국수,1.0,0.027820710973724884,053-853-5112,경북 경산시 하양읍 화성로 255-1,288,62
손시다이닝 하양점,일식집,0.7,0.04482225656877898,053-857-3964,"경북 경산시 하양읍 하양역길 8 1, 2층",220,49
미즈컨테이너 본점,양식,0.82,0.04173106646058733,,경북 경산시 진량읍 대구대로 201 대구대학교 제1학생회관 1층,156,40
아이벗치킨 진량점,치킨,0.2,0.0015455950540958269,053-857-1263,경북 경산시 진량읍 봉황길 10 1층 1호,255,59
고씨네카레 하양점,일식집,0.9,0.01854714064914992,053-853-8757,경북 경산시 하양읍 문화로 18 1층,27,49
더리터 경산진량점,커피전문점,1.0,0.0061823802163833074,,경북 경산시 진량읍 봉황길 41 진량봉암빌딩 1층 108호,88,63
더벤티 경산하양점,커피전문점,1.0,0.0030911901081916537,053-857-6678,경북 경산시 하양읍 서사도리7로 21 SG타워 107호,89,63
청춘,"호프,요리주점",0.2,0.00927357032457496,,경북 경산시 하양읍 하양로 47 1층 103호,373,74
경산가봄,"돈까스,우동",1.0,0.0015455950540958269,010-6533-3180,경북 경산시 하양읍 금송로 39,23,16
옛부안숯불갈비,한식,0.74,0.03245749613601236,053-853-7281,경북 경산시 하양읍 하양로38길 28,276,68
해금강복어,복어,1.0,0.0030911901081916537,053-856-8483,경북 경산시 하양읍 조산천동길 12,452,24
써브웨이 경산대구대점,샌드위치,0.72,0.0030911901081916537,053-856-7073,경북 경산시 진량읍 대구대로 201 과학생명융합대학 3호관 1층 1114호,251,29
태성추어탕,한식,1.0,0.012364760432766615,053-851-7552,경북 경산시 하양읍 하양로 221,406,68
차돌풍 경산하양점,"육류,고기",0.7,0.03863987635239567,053-852-9293,경북 경산시 하양읍 하양역길 20 1층,365,42
우주주택,커피전문점,0.9199999999999999,0.5826893353941267,070-7543-0415,경북 경산시 하양읍 가마실길 26 우주주택,302,63
경미순대국밥,순대,1.0,0.013910355486862442,053-852-8288,경북 경산시 진량읍 공단6로 167,22,32
홍콩맨션,술집,1.0,0.00927357032457496,053-854-0618,경북 경산시 진량읍 대구대로60길 5-13 1층,468,33
본도시락 경산하양점,도시락,0.9400000000000001,0.010819165378670788,053-853-4282,경북 경산시 하양읍 대학로 1514 1층,182,15
봄봄 진량봉회점,커피전문점,0.8400000000000001,0.0015455950540958269,053-217-0788,경북 경산시 진량읍 공단로 579,186,63
정암골 가마솥한우국밥 본점,국밥,0.9,0.00463678516228748,053-856-5100,경북 경산시 하양읍 대경로 96,344,7
부영,오리,1.0,0.04791344667697063,053-852-5253,경북 경산시 하양읍 대곡로 390-7,191,41
빨강창꼬,술집,1.0,0.0015455950540958269,,경북 경산시 진량읍 대구대로 287,197,33
카페빈트리,카페,1.0,0.0030911901081916537,053-852-3310,경북 경산시 하양읍 대경로159길 30 1층,391,60
청춘닭강정 하양진량점,치킨,1.0,0.0015455950540958269,053-852-7814,경북 경산시 하양읍 대경로147길 3,374,59
박시방찌게돌솥밥,"찌개,전골",0.6,0.0030911901081916537,053-856-2233,경북 경산시 진량읍 일연로 705 1층,161,55
풍성맷돌두부,두부전문점,0.6,0.010819165378670788,053-856-0089,경북 경산시 진량읍 공단2로3길 97,430,18
달맞이식당,한식,1.0,0.0030911901081916537,,경북 경산시 진량읍 다문로 97,74,68
버섯명가자연밥상,한식,1.0,0.012364760432766615,053-852-2227,경북 경산시 하양읍 화성로 5-18,176,68
커피당,카페,0.8,0.015455950540958269,,경북 경산시 하양읍 서사도리6로 25 1층,394,60
호떡당 경산하양점,간식,0.4,0.02472952086553323,,경북 경산시 하양읍 서사도리9로 25 드림스퀘어1 109호,459,0
진짜돼지갈비,갈비,1.0,0.023183925811437404,053-851-1322,경북 경산시 하양읍 대경로 703 1층,360,1
마실커피 하양점,커피전문점,1.0,0.0015455950540958269,,경북 경산시 하양읍 하양로 35 하양3차우방타운 1층,126,63
언니야닭도리탕&찜닭,닭요리,1.0,0.0015455950540958269,010-2473-9216,"경북 경산시 진량읍 봉황길 12 진량시장 6, 7호",266,14
참뼈감자탕 진량점,한식,0.2,0.0061823802163833074,053-852-3386,경북 경산시 진량읍 대학로 1390,367,68
마츠 하양점,일식,0.86,0.0633693972179289,,경북 경산시 하양읍 대경로147길 13-1 1층,128,48
진짜순대,순대,1.0,0.010819165378670788,053-854-0157,경북 경산시 진량읍 공단로 435,361,32
디나폴리,카페/디저트,0.6599999999999999,0.00463678516228748,053-851-7223,경북 경산시 진량읍 대구대로 290-1,109,61
버거리 경산하양점,햄버거,1.0,0.00927357032457496,070-8722-3999,경북 경산시 하양읍 하양역길 18 1층,174,73
빨봉분식 대구대학교점,분식,0.8,0.0030911901081916537,,경북 경산시 진량읍 대구대로 216-1 1층,198,25
마카닭참숯불 본점,치킨,1.0,0.01854714064914992,010-4758-3318,경북 경산시 하양읍 대학로295길 8 1층,129,59
이디야커피 하양무학점,커피전문점,1.0,0.0061823802163833074,053-856-3374,경북 경산시 하양읍 서사도리7로 17 1층,316,63
병천청년순대국 하양점,순대,0.8,0.00463678516228748,,경북 경산시 하양읍 대경로 862 b동 1층,178,32
도야지식당,"찌개,전골",0.9400000000000001,0.0030911901081916537,053-853-0910,경북 경산시 하양읍 대경로105길 10,97,55
구포국수 하양본점,국수,0.72,0.023183925811437404,053-857-0606,경북 경산시 하양읍 하양로33길 3 1층,38,8
몬스터커피 경산 대구대점,카페/디저트,1.0,0.0030911901081916537,070-8836-1356,경북 경산시 진량읍 대구대로 240,146,61
빽다방 경산진량점,커피전문점,0.8,0.0061823802163833074,053-8548-7674,경북 경산시 진량읍 공단1로 2 1층,199,63
통큰감자탕,감자탕,0.5599999999999999,0.03554868624420402,053-857-1991,경북 경산시 진량읍 대구대로 252-5,413,2
구룡포회,회,0.8,0.00463678516228748,053-854-4267,경북 경산시 진량읍 다문로 108,36,75
야간열차,실내포장마차,1.0,0.00927357032457496,053-852-1238,경북 경산시 하양읍 하양역길 12 1층,263,34
백스비어 하양점,"호프,요리주점",1.0,0.0061823802163833074,053-857-2224,경북 경산시 하양읍 하양로 46 1층,172,74
강원도 감자탕등뼈해장국,감자탕,0.86,0.00463678516228748,053-856-3080,경북 경산시 진량읍 다문로 83 1층,18,2
디나폴리,카페/디저트,0.6599999999999999,0.00463678516228748,053-851-7223,경북 경산시 진량읍 대구대로 290-1,109,61
이노랩로스터즈 너티브라운,카페/디저트,1.0,0.0401854714064915,,경북 경산시 하양읍 하양로 199-1 1층,314,61
퀴다,양식,0.9400000000000001,0.017001545595054096,053-214-4505,경북 경산시 하양읍 대경로 653 휴가오피스텔 103호,400,40
봉자막창 진량점,"곱창,막창",0.6,0.0015455950540958269,053-853-2299,경북 경산시 진량읍 다문로 49,187,5
백녹담,한식,0.8,0.00463678516228748,,경북 경산시 하양읍 지식산업로 110,171,68
꿉양치킨,치킨,1.0,0.0015455950540958269,,경북 경산시 진량읍 공단로 465,53,59
소삼장,갈비,0.9,0.0015455950540958269,053-853-0004,경북 경산시 진량읍 공단로 476,218,1
소풍가는날김밥전문점,분식,1.0,0.00927357032457496,053-853-4408,경북 경산시 하양읍 대학로298길 19-7 1층,219,25
경주국밥 하양점,국밥,0.42000000000000004,0.010819165378670788,053-851-9309,경북 경산시 하양읍 하양로 26 1층,24,7
치킨플러스 대구대점,치킨,1.0,0.0015455950540958269,053-857-7272,경북 경산시 진량읍 대구대로 216 1층,386,59
우당탕반점,중식,0.6,0.010819165378670788,053-854-3884,경북 경산시 진량읍 대구대로 252-1,297,54
청명식육식당,한식,0.74,0.010819165378670788,053-267-1300,"경북 경산시 하양읍 조산천동길 10 1,2층",371,68
소풍가는날김밥전문점,분식,1.0,0.00927357032457496,053-853-4408,경북 경산시 하양읍 대학로298길 19-7 1층,219,25
스텀프하우스,카페,0.6799999999999999,0.01854714064914992,,경북 경산시 하양읍 대경로 669,236,60
신흥춘해물짬뽕,중국요리,1.0,0.0077279752704791345,053-851-0019,경북 경산시 진량읍 북리길 3,247,53
팔공티 대구대,카페,1.0,0.0077279752704791345,,경북 경산시 진량읍 대구대로 238 1층,423,60
막창도둑 하양점,한식,0.2,0.0077279752704791345,053-856-7767,경북 경산시 하양읍 조산천동길 22 1층,131,68
남일식당,한식,0.6599999999999999,0.0571870170015456,053-853-7494,경북 경산시 하양읍 하양로27길 12,58,68
카츠데이,"돈까스,우동",1.0,0.0061823802163833074,010-2135-9032,경북 경산시 진량읍 대구대로 244 1층,388,16
하양원조추어탕,한식,1.0,0.0030911901081916537,,경북 경산시 와촌면 하양로 450,442,68
투썸플레이스 하양광장메디컬점,커피전문점,1.0,0.02936630602782071,053-856-1555,경북 경산시 하양읍 서사도리9로 27,416,63
한올면옥 진량점,냉면,0.5,0.015455950540958269,053-854-6500,경북 경산시 진량읍 봉회길 82,447,11
까페하양,카페,0.9,0.0015455950540958269,053-851-4967,경북 경산시 하양읍 금송로 15,50,60
진량돼지찌개,한식,0.9199999999999999,0.08809891808346214,053-857-6071,경북 경산시 진량읍 공단6로 177 1층,357,68
낙곱새부대장부대찌개 하양점,"찌개,전골",0.4,0.00463678516228748,,경북 경산시 하양읍 하양로 66 108호,56,55
몬스터커피 경산하양점,커피전문점,1.0,0.017001545595054096,0507-0289-4111,경북 경산시 하양읍 서사도리4로 5 메이플라워 104호,147,63
하삼동커피 하양점,커피전문점,1.0,0.0077279752704791345,053-854-1123,경북 경산시 하양읍 서사도리4로 2 하양메디컬타워 1층 101호,436,63
육식인생,삼겹살,0.6,0.0015455950540958269,,경북 경산시 진량읍 공단로 466,311,27
홍콩맨션,술집,1.0,0.00927357032457496,053-854-0618,경북 경산시 진량읍 대구대로60길 5-13 1층,468,33
몬스터커피 경산 대구대점,카페,1.0,0.0030911901081916537,070-8836-1356,경북 경산시 진량읍 대구대로 240,146,60
호식이두마리치킨 하양동서점,치킨,1.0,0.0030911901081916537,,"경북 경산시 하양읍 하양로 202-10 하양2차청구타운아파트 상가 113동 1층 103,104호",461,59
선화소곰탕,곰탕,0.72,0.017001545595054096,053-852-3295,경북 경산시 진량읍 일연로 731,214,4
대가선지해장국,한식,0.86,0.00463678516228748,053-853-9200,경북 경산시 하양읍 하양로 192,75,68
본죽&비빔밥cafe 대구대학교점,한식,0.9,0.0015455950540958269,053-856-3380,경북 경산시 진량읍 대구대로 244 1층,185,68
심분열보쌈식족발 하양점,"족발,보쌈",1.0,0.012364760432766615,053-851-9512,경북 경산시 하양읍 하양역길 13,249,52
무한폭식,한식,0.9,0.0015455950540958269,053-213-3354,경북 경산시 진량읍 대구대로 318,150,68
토우,"육류,고기",1.0,0.0015455950540958269,053-852-3043,경북 경산시 진량읍 영청길 27,412,42
구룡포회,회,0.8,0.00463678516228748,053-854-4267,경북 경산시 진량읍 다문로 108,36,75
이노랩로스터즈 너티브라운,카페,1.0,0.0401854714064915,,경북 경산시 하양읍 하양로 199-1 1층,314,60
만리장성,중국요리,1.0,0.0015455950540958269,053-851-5521,경북 경산시 하양읍 대경로105길 16,132,53
시오다과,"제과,베이커리",1.0,0.012364760432766615,053-851-9082,경북 경산시 하양읍 서사도리5로 15 센텀1번가,240,51
대가온족발,"족발,보쌈",0.86,0.02936630602782071,053-851-0016,경북 경산시 하양읍 서사도리7로 17 101호,76,52
삼주막창,"곱창,막창",1.0,0.00463678516228748,053-856-9652,경북 경산시 진량읍 봉황길 28-4,205,5
서부장연평도해물찜,한식,1.0,0.00463678516228748,053-853-6048,경북 경산시 하양읍 하양로25길 5-1,209,68
국대떡볶이 대구대학교점,분식,0.6799999999999999,0.0061823802163833074,053-857-7376,경북 경산시 진량읍 대구대로 201 1층,39,25
카페봄봄 경산IC점,커피전문점,1.0,0.0015455950540958269,053-241-7701,경북 경산시 진량읍 대학로 950,390,63
유투커피,카페,0.4,0.012364760432766615,,경북 경산시 하양읍 하양역길 30 2층,309,60
국대떡볶이 대구대학교점,떡볶이,0.6799999999999999,0.0061823802163833074,053-857-7376,경북 경산시 진량읍 대구대로 201 1층,39,21
개미분식,분식,1.0,0.010819165378670788,053-851-4835,경북 경산시 하양읍 조산천동길 46,20,25
스페이스임원,커피전문점,0.8,1.0,053-857-6228,경북 경산시 하양읍 금호강변로 700 A동,237,63
비사이드,술집,1.0,0.0015455950540958269,,경북 경산시 진량읍 대구대로 240,195,33
리코리아 브리또,한식,1.0,0.0030911901081916537,053-851-7009,경북 경산시 진량읍 대구대로 260,121,68
조방낙지,"해물,생선",0.96,0.0030911901081916537,053-853-2651,경북 경산시 하양읍 대경로 745,347,71
대구통닭 하양점,치킨,0.6,0.00927357032457496,053-851-9979,경북 경산시 하양읍 대경로 669-6 1층,80,59
기성,"육류,고기",0.6,0.0077279752704791345,,경북 경산시 진량읍 공단1로 47 1층,44,42
진짜순대,순대,1.0,0.010819165378670788,053-854-0157,경북 경산시 진량읍 공단로 435,361,32
만복이쭈꾸미낙지볶음 진량점,"해물,생선",0.8,0.10200927357032458,053-852-1209,경북 경산시 진량읍 대학로 1416,133,71
우유니커피,카페/디저트,1.0,0.0061823802163833074,,경북 경산시 하양읍 대경로147길 22,301,61
참뼈감자탕 진량점,감자탕,0.2,0.0061823802163833074,053-852-3386,경북 경산시 진량읍 대학로 1390,367,2
가야성,중국요리,0.4,0.0077279752704791345,053-851-7111,경북 경산시 진량읍 일연로 461,15,53
취주선,양꼬치,1.0,0.0061823802163833074,,경북 경산시 하양읍 아낙고개길 9,385,39
러빗커피,카페,1.0,0.00463678516228748,,경북 경산시 진량읍 대구대로60길 5-10 1층,116,60
홍대불고기 대구대점,"불고기,두루치기",0.8400000000000001,0.00927357032457496,010-5577-1738,경북 경산시 진량읍 대구대로 212,466,26
네팔사랑,인도음식,0.6,0.021638330757341576,053-853-8050,경북 경산시 하양읍 하양로 50 3층,62,45
커피리안,카페,1.0,0.0015455950540958269,,"경북 경산시 진량읍 봉회1길 26 B동 1,2층",395,60
조방낙지,한식,0.96,0.0030911901081916537,053-853-2651,경북 경산시 하양읍 대경로 745,347,68
윤대감부대찌개 진량점,"찌개,전골",0.6,0.02009273570324575,053-851-8983,경북 경산시 진량읍 해든길1길 17,312,55
제주곤이칼국수 진량하양점,한식,1.0,0.027820710973724884,053-854-0488,경북 경산시 진량읍 대학로 1392,346,68
고급양식 하양진량점,양식,1.0,0.04173106646058733,053-851-5580,경북 경산시 하양읍 하양로 61 B동 1층,25,40
훔친두마리치킨,치킨,1.0,0.0015455950540958269,,경북 경산시 하양읍 가마실길 48 1층,474,59
부림해물손수제비 진량점,수제비,1.0,0.00927357032457496,053-854-0854,경북 경산시 진량읍 다문로 110 1층,190,31
병천청년순대국 하양점,한식,0.8,0.00463678516228748,,경북 경산시 하양읍 대경로 862 b동 1층,178,68
아지매,한식,0.4,0.0015455950540958269,053-851-8448,경북 경산시 하양읍 대학로 1518-1,256,68
낙곱새부대장부대찌개 하양점,"찌개,전골",0.4,0.00463678516228748,,경북 경산시 하양읍 하양로 66 108호,56,55
이화참순대,한식,0.86,0.012364760432766615,053-856-3397,경북 경산시 하양읍 대경로147길 8-6,321,68
일당백부대찌개,"찌개,전골",0.96,0.12364760432766615,053-851-1908,경북 경산시 하양읍 하양로 25,324,55
하루엔소쿠 경산하양점,"돈까스,우동",0.8800000000000001,0.010819165378670788,053-851-7766,경북 경산시 하양읍 하양로 67 2층,435,16
진배기원조할매국밥 진량점,국밥,0.6,0.00463678516228748,053-856-8868,경북 경산시 진량읍 공단로 480,359,7
매머드익스프레스 경산하양점,커피전문점,1.0,0.012364760432766615,,경북 경산시 하양읍 서사도리9로 17,138,63
윤대감부대찌개 진량점,"찌개,전골",0.6,0.02009273570324575,053-851-8983,경북 경산시 진량읍 해든길1길 17,312,55
연담,한식,1.0,0.00927357032457496,053-853-0033,경북 경산시 하양읍 하양로 189,274,68
평사튀김떡볶이,분식,0.4,0.00463678516228748,053-853-2884,경북 경산시 진량읍 대구대로 287,425,25
연담,한식,1.0,0.00927357032457496,053-853-0033,경북 경산시 하양읍 하양로 189,274,68
라라식당,"육류,고기",0.8,0.07727975270479134,053-291-1906,경북 경산시 하양읍 대경로 669-2,113,42
국수마을,국수,1.0,0.0015455950540958269,053-851-9856,경북 경산시 진량읍 일연로 650,40,8
우유니커피,카페/디저트,1.0,0.0061823802163833074,,경북 경산시 하양읍 대경로147길 22,301,61
오늘도콩닭콩닭,치킨,1.0,0.0061823802163833074,,경북 경산시 진량읍 공단2로9길 22,279,59
북경,중국요리,0.6,0.0030911901081916537,053-854-2828,경북 경산시 진량읍 일연로 729 1층,192,53
통큰감자탕,한식,0.64,0.03554868624420402,053-857-1991,경북 경산시 진량읍 대구대로 252-5,413,68
BHC치킨 경산진량점,치킨,1.0,0.0061823802163833074,053-852-9852,경북 경산시 진량읍 선항5길 26 1층,7,59
마사커피 대구대점,카페/디저트,0.3,0.0015455950540958269,,경북 경산시 진량읍 대구대로 201 1층,124,61
맘스터치 신대구경일대점,패스트푸드,0.7,0.0015455950540958269,053-816-4242,경북 경산시 하양읍 가마실길 46 2층,136,65
투썸플레이스 경산하양점,커피전문점,0.6799999999999999,0.00927357032457496,053-627-2323,경북 경산시 하양읍 하양로 58,415,63
원기옥,"호프,요리주점",1.0,0.08346213292117466,,경북 경산시 하양읍 대학로305길 42 새둥지룸 1층,303,74
토산지한식뷔페,한식뷔페,0.9199999999999999,0.015455950540958269,053-852-5076,경북 경산시 진량읍 해든길1길 5-1,410,69
시인과촌장,"호프,요리주점",0.9199999999999999,0.0030911901081916537,054-851-6316,경북 경산시 하양읍 하양로 76-1,241,74
가마솥서울식당,한식,1.0,0.0015455950540958269,053-856-6889,경북 경산시 하양읍 조산천서길 27,10,68
촛대바위,한식,1.0,0.0015455950540958269,,경북 경산시 진량읍 대구대로 93,381,68
스타벅스 경산하양DT점,커피전문점,0.96,0.07418856259659969,1522-3232,경북 경산시 진량읍 대학로 1417,233,63
일막화로,"육류,고기",1.0,0.09119010819165378,053-852-8395,경북 경산시 하양읍 하양로 176,325,42
청춘닭강정 하양진량점,닭강정,1.0,0.0015455950540958269,053-852-7814,경북 경산시 하양읍 대경로147길 3,374,13
돈 1호점,삼겹살,0.6,0.42194744976816073,010-5097-5621,경북 경산시 하양읍 대경로 653 휴가오피스텔 1층 102호,98,27
컴포즈커피 경산하양점,커피전문점,0.6,0.00463678516228748,,경북 경산시 하양읍 하양로 46 1층,399,63
선돌댁,한식,0.6599999999999999,0.1143740340030912,053-852-0712,경북 경산시 하양읍 대학로305길 4-1,213,68
촌놈커피,커피전문점,0.9400000000000001,0.00927357032457496,0507-464-2035,경북 경산시 진량읍 대학로 1054,379,63
읍천리382 경북대가대점,커피전문점,1.0,0.00927357032457496,053-856-0382,경북 경산시 하양읍 하양로 34 1층,313,63
굽네치킨 경산진량점,치킨,0.2,0.0030911901081916537,053-851-9499,경북 경산시 진량읍 낙산길 22-1 1층,41,59
인생우럭,한식,1.0,0.015455950540958269,,경북 경산시 하양읍 서사도리9로 35,322,68
BHC치킨 경산진량점,치킨,1.0,0.0061823802163833074,053-852-9852,경북 경산시 진량읍 선항5길 26 1층,7,59
커피당,카페,0.8,0.015455950540958269,,경북 경산시 하양읍 서사도리6로 25 1층,394,60
남일식당,한식,0.6599999999999999,0.0571870170015456,053-853-7494,경북 경산시 하양읍 하양로27길 12,58,68
해금강복어,한식,1.0,0.0030911901081916537,053-856-8483,경북 경산시 하양읍 조산천동길 12,452,68
복어세상,복어,0.86,0.2426584234930448,053-856-9767,경북 경산시 진량읍 공단1로 20,180,24
국수마을,국수,1.0,0.0015455950540958269,053-851-9856,경북 경산시 진량읍 일연로 650,40,8
미송숯불갈비,갈비,0.9199999999999999,0.030911901081916538,053-963-9295,경북 경산시 진량읍 공단1로 37,155,1
갓튀긴후라이드 하양점,치킨,0.6,0.03554868624420402,053-857-4777,경북 경산시 하양읍 하양로 35 하양우방타운3차 105동 115호,17,59
역전할머니맥주 경산하양점,"호프,요리주점",1.0,0.0030911901081916537,053-213-8993,경북 경산시 하양읍 하양로 23,273,74
마차이짬뽕 하양점,중국요리,1.0,0.0061823802163833074,053-801-9120,경북 경산시 하양읍 대학로305길 51,127,53
날마다장터,회,1.0,0.00463678516228748,053-856-4989,경북 경산시 하양읍 하양로 171 1층,57,75
신기한꽃게장 하양점,한식,0.2,0.02472952086553323,053-857-8887,경북 경산시 하양읍 대학로 1512 1층,242,68
하양닭서리,치킨,0.9,0.05873261205564142,,경북 경산시 진량읍 대학로 1332,438,59
96황막 진량점,"육류,고기",1.0,0.00463678516228748,053-856-2543,경북 경산시 진량읍 공단1로 46,4,42
205호,한식,1.0,0.0077279752704791345,010-7112-2052,경북 경산시 하양읍 대경로 669-9 205호,2,68
이노랩로스터즈 너티브라운,카페/디저트,1.0,0.0401854714064915,,경북 경산시 하양읍 하양로 199-1 1층,314,61
커피리안,카페,1.0,0.0015455950540958269,,"경북 경산시 진량읍 봉회1길 26 B동 1,2층",395,60
뚝배기일번지,한식,0.8,0.0015455950540958269,0507-1864-5659,경북 경산시 하양읍 하양로 173,112,68
파스토보이 경산하양점,양식,0.6,0.00463678516228748,053-852-0842,경북 경산시 하양읍 하양로 57 2층,422,40
오아시스세이,카페,0.9400000000000001,0.2287480680061824,,경북 경산시 하양읍 문화로2길 4-3,284,60
맘스터치 하양점,패스트푸드,0.36,0.015455950540958269,053-216-6100,경북 경산시 하양읍 하양로 47 1층,137,65
동대문엽기떡볶이 경산하양점,떡볶이,0.6599999999999999,0.015455950540958269,053-857-8592,경북 경산시 하양읍 하양로 56 1층 101호,103,21
소풍가는날김밥전문점,분식,1.0,0.00927357032457496,053-853-4408,경북 경산시 하양읍 대학로298길 19-7 1층,219,25
동서한우식육식당,한식,0.9,0.0061823802163833074,053-852-6866,경북 경산시 하양읍 하양로 171,104,68
미도방분식,분식,1.0,0.0077279752704791345,053-854-0004,경북 경산시 하양읍 하양로 119-1,151,25
낭만비어,"호프,요리주점",1.0,0.0015455950540958269,,경북 경산시 하양읍 대경로 661-8,60,74
삼동소바 경산점,국수,0.8,0.14683153013910355,0507-1349-8589,경북 경산시 하양읍 화성로 323,203,8
할매국밥 하양점,국밥,0.54,0.0015455950540958269,053-854-4777,경북 경산시 하양읍 하양역길 25,451,7
장수오리 하양점,오리,1.0,0.017001545595054096,,경북 경산시 진량읍 대학로 1430,334,41
유가네닭갈비 진량점,닭요리,0.9400000000000001,0.010819165378670788,053-857-1444,경북 경산시 진량읍 해든길1길 6-1 1층,308,14
봄봄 진량봉회점,커피전문점,0.8400000000000001,0.0015455950540958269,053-217-0788,경북 경산시 진량읍 공단로 579,186,63
날마다장터,한식,1.0,0.00463678516228748,053-856-4989,경북 경산시 하양읍 하양로 171 1층,57,68
훔친두마리치킨,치킨,1.0,0.0015455950540958269,,경북 경산시 하양읍 가마실길 48 1층,474,59
지성이해물찜 하양점,"해물,생선",1.0,0.0015455950540958269,070-4067-8259,경북 경산시 하양읍 금송로 56,355,71
송담추어탕 경산진량점,추어,0.8800000000000001,0.0077279752704791345,053-856-2185,경북 경산시 진량읍 대학로 1253 1층,221,58
뱃놈물회 본점,회,0.74,0.0061823802163833074,053-851-8882,경북 경산시 진량읍 다문로 55 1층,173,75
굽네치킨 경산진량점,치킨,0.2,0.0030911901081916537,053-851-9499,경북 경산시 진량읍 낙산길 22-1 1층,41,59
No.1# 또오고마라탕 경산하양점,중식,0.2,0.0015455950540958269,053-854-8250,경북 경산시 하양읍 대학로298길 19-7 1층,9,54
만리장성,중국요리,1.0,0.0015455950540958269,053-851-5521,경북 경산시 하양읍 대경로105길 16,132,53
역전우동0410 경산대구대점,"돈까스,우동",0.4,0.0015455950540958269,053-853-1790,경북 경산시 진량읍 대구대로 252-3 1층,271,16
육식인생,삼겹살,0.6,0.0015455950540958269,,경북 경산시 진량읍 공단로 466,311,27
삼주막창,"곱창,막창",1.0,0.00463678516228748,053-856-9652,경북 경산시 진량읍 봉황길 28-4,205,5
우유니커피,카페,1.0,0.0061823802163833074,,경북 경산시 하양읍 대경로147길 22,301,60
정성짬뽕,음식점,1.0,0.0015455950540958269,,경북 경산시 진량읍 공단로 457,342,43
임가네해물촌 진량점,"매운탕,해물탕",0.8,0.00927357032457496,053-856-3386,경북 경산시 진량읍 대학로 1410,331,22
류센소 경산하양점,일본식라면,0.8,0.10046367851622875,,경북 경산시 하양읍 서사도리7로 24 1층,119,46
치킨플러스 대구대점,치킨,1.0,0.0015455950540958269,053-857-7272,경북 경산시 진량읍 대구대로 216 1층,386,59
고피자 경산하양점,피자,0.86,0.02936630602782071,053-624-3465,경북 경산시 하양읍 하양로 59 1층,29,67
티욤핑크 남하점,카페,1.0,0.017001545595054096,,경북 경산시 하양읍 남하들길 54,417,60
96황막 진량점,"육류,고기",1.0,0.00463678516228748,053-856-2543,경북 경산시 진량읍 공단1로 46,4,42
가마치통닭 하양점,치킨,0.7,0.00463678516228748,0507-978-9464,경북 경산시 하양읍 하양로 195,12,59
모짜르트베이커리,"제과,베이커리",0.8,0.08346213292117466,053-853-9893,경북 경산시 하양읍 하양로 94 1층,145,51
장원토종삼계탕,한식,1.0,0.027820710973724884,053-851-4177,경북 경산시 하양읍 대학로 1517-5,336,68
섬섬밀밀,"제과,베이커리",0.8,0.160741885625966,053-852-3301,경북 경산시 진량읍 대구대로 346,216,51
하양송송제빵소,카페,0.6599999999999999,0.20247295208655333,0507-1379-9436,"경북 경산시 하양읍 하양유원지길 40 1,2층",440,60
일미식육식당,"육류,고기",0.8,0.0015455950540958269,053-852-3548,경북 경산시 진량읍 낙산길 9,327,42
바다축제,"해물,생선",1.0,0.0030911901081916537,,경북 경산시 하양읍 대경로 719,159,71
미즈컨테이너 본점,이탈리안,0.82,0.04173106646058733,,경북 경산시 진량읍 대구대로 201 대구대학교 제1학생회관 1층,156,44
날마다장터,회,1.0,0.00463678516228748,053-856-4989,경북 경산시 하양읍 하양로 171 1층,57,75
아이벗치킨 진량점,치킨,0.2,0.0015455950540958269,053-857-1263,경북 경산시 진량읍 봉황길 10 1층 1호,255,59
김밥마실 공단점,분식,0.5,0.0015455950540958269,053-854-4040,경북 경산시 진량읍 공단로 462,49,25
전원숯불 경산하양점,갈비,0.6799999999999999,0.013910355486862442,053-852-7077,경북 경산시 하양읍 대경로 650 2층,340,1
즐거운대구탕 진량분점,"매운탕,해물탕",0.9,0.00463678516228748,053-852-0302,경북 경산시 진량읍 공단로100길 3 1층,354,22
김가네참한밥상,한식,0.78,0.04791344667697063,053-853-5909,경북 경산시 진량읍 대학로 1407,47,68
한들애,한식뷔페,0.5,0.0015455950540958269,053-851-9292,경북 경산시 하양읍 금송로 171,444,69
동근이숯불두마리치킨 경산하양점,치킨,1.0,0.0015455950540958269,053-851-6996,경북 경산시 하양읍 하양로 53 1층,101,59
BHC치킨 경산하양점,치킨,1.0,0.0077279752704791345,053-852-2098,경북 경산시 하양읍 하양로37길 19 코아루2차상가 1층,8,59
장충동왕족발 진량점,"족발,보쌈",0.4,0.0973724884080371,053-856-3300,경북 경산시 진량읍 봉황길 29 삼주1차 상가동 113호,337,52
카페 뷰,카페,0.6,0.02009273570324575,,경북 경산시 진량읍 일연로 720,389,60
노브랜드버거 경산하양점,패스트푸드,0.6599999999999999,0.010819165378670788,053-851-3469,"경북 경산시 하양읍 하양로 34 가동 104,105호",63,65
신불날개 하양점,닭요리,1.0,0.0061823802163833074,053-853-6667,경북 경산시 하양읍 하양역길 13,244,14
막창도둑 하양점,"곱창,막창",0.2,0.0077279752704791345,053-856-7767,경북 경산시 하양읍 조산천동길 22 1층,131,5
파스토보이 경산하양점,양식,0.6,0.00463678516228748,053-852-0842,경북 경산시 하양읍 하양로 57 2층,422,40
용이반점,중국요리,0.8800000000000001,0.030911901081916538,053-856-2226,경북 경산시 하양읍 대경로 865,296,53
이유있는감자탕 하양점,감자탕,0.96,0.06646058732612056,,경북 경산시 하양읍 대경로 865,319,2
청명식육식당,"육류,고기",0.74,0.010819165378670788,053-267-1300,"경북 경산시 하양읍 조산천동길 10 1,2층",371,42
게으른농담,카페/디저트,1.0,0.01854714064914992,,경북 경산시 하양읍 동서1길 30-3,21,61
일미닭갈비밀면 대구대점,닭요리,0.6,0.0077279752704791345,053-853-1219,경북 경산시 진량읍 대구대로 238 2층,326,14
제주곤이칼국수 진량하양점,칼국수,1.0,0.03245749613601236,053-854-0488,경북 경산시 진량읍 대학로 1392,346,62
엄마밥상,한식,0.4,0.0015455950540958269,,경북 경산시 하양읍 지식산업로 140,269,68
청춘,"호프,요리주점",0.2,0.00927357032457496,,경북 경산시 하양읍 하양로 47 1층 103호,373,74
가마치통닭 하양무학점,치킨,0.9400000000000001,0.0077279752704791345,053-853-9991,경북 경산시 하양읍 서사도리9로 18 105호,11,59
숯,"육류,고기",0.6,0.0030911901081916537,,경북 경산시 하양읍 하양로 193,227,42
마사커피 대구대점,커피전문점,0.3,0.0015455950540958269,,경북 경산시 진량읍 대구대로 201 1층,124,63
장군생고기 진량점,"육류,고기",1.0,0.0015455950540958269,053-851-9994,경북 경산시 진량읍 대구대로 79 1층,332,42
막창도둑 진량점,"곱창,막창",1.0,0.06646058732612056,053-854-7714,경북 경산시 진량읍 공단2로7길 22,130,5
도리집 하양점,일식,1.0,0.00927357032457496,,경북 경산시 하양읍 하양로 47 104호,95,48
크리미넛,디저트카페,1.0,0.015455950540958269,,경북 경산시 진량읍 공단1로 45,402,19
만선고,닭요리,1.0,0.0061823802163833074,053-852-4522,경북 경산시 하양읍 하양역길 13 1층,134,14
강원도 감자탕등뼈해장국,감자탕,0.86,0.00463678516228748,053-856-3080,경북 경산시 진량읍 다문로 83 1층,18,2
대풍이주먹밥 하양점,분식,0.9,0.00463678516228748,053-851-5016,경북 경산시 하양읍 하양역길 19-3 1층,85,25
기성,"육류,고기",0.6,0.0077279752704791345,,경북 경산시 진량읍 공단1로 47 1층,44,42
원할머니보쌈족발 경산하양점,"족발,보쌈",1.0,0.012364760432766615,053-851-6333,경북 경산시 하양읍 대학로295길 14 1층,306,52
장수오리 하양점,한식,1.0,0.017001545595054096,,경북 경산시 진량읍 대학로 1430,334,68
하양 옥돌막창,"곱창,막창",0.78,0.05873261205564142,053-851-2641,경북 경산시 하양읍 대학로305길 40-1 1층,437,5
와촌식육식당 진량2호점,"육류,고기",0.6,0.01854714064914992,053-857-8896,경북 경산시 진량읍 공단6로 143 1층,290,42
청명식육식당,한식,0.74,0.010819165378670788,053-267-1300,"경북 경산시 하양읍 조산천동길 10 1,2층",371,68
동서한우식육식당,"육류,고기",0.9,0.0061823802163833074,053-852-6866,경북 경산시 하양읍 하양로 171,104,42
대구닭꼬치,간식,1.0,0.00463678516228748,,경북 경산시 진량읍 대구대로 244-1,78,0
미도방분식,분식,1.0,0.0077279752704791345,053-854-0004,경북 경산시 하양읍 하양로 119-1,151,25
마사커피 하양점,카페/디저트,1.0,0.0030911901081916537,,경북 경산시 하양읍 대학로 1527,125,61
숯,"육류,고기",0.6,0.0030911901081916537,,경북 경산시 하양읍 하양로 193,227,42
카페아이엔지 대구대학교점,카페,0.6,0.00463678516228748,0506-731-0033,경북 경산시 진량읍 대구대로 201 본관 지하1층,392,60
금화왕돈까스 경산진량점,"돈까스,우동",0.4,0.00927357032457496,053-851-0220,경북 경산시 진량읍 공단로 460 1층 102호,43,16
제주곤이칼국수 진량하양점,칼국수,1.0,0.03245749613601236,053-854-0488,경북 경산시 진량읍 대학로 1392,346,62
비니 쌀국수,베트남음식,1.0,0.0015455950540958269,,경북 경산시 진량읍 부림로 281-11 1층,194,23
고인돌식당,"불고기,두루치기",1.0,0.00463678516228748,053-851-4799,경북 경산시 진량읍 대구대로 318-3 1층,28,26
현풍닭칼국수 경산하양점,한식,0.6599999999999999,0.03400309119010819,053-857-2200,경북 경산시 하양읍 하양로 110 1층,458,68
호주에서 온 스시 하양점,일식집,0.8,0.010819165378670788,053-710-0426,경북 경산시 하양읍 하양로 57,464,49
스타벅스 대구가톨릭대점,커피전문점,0.8400000000000001,0.015455950540958269,1522-3232,경북 경산시 하양읍 하양로 18,234,63
도담스시,"초밥,롤",0.5599999999999999,0.021638330757341576,,경북 경산시 진량읍 다문로 49,93,57
테이큰스시,"초밥,롤",0.6,0.013910355486862442,,경북 경산시 하양읍 서사도리로 71 경산하양 우미린 에코포레 상가2동 102호,408,57
버거킹 경산진량DT점,패스트푸드,0.8800000000000001,0.0061823802163833074,070-7462-6756,경북 경산시 진량읍 다문로 53 1층,175,65
가마치통닭 하양무학점,치킨,0.9400000000000001,0.0077279752704791345,053-853-9991,경북 경산시 하양읍 서사도리9로 18 105호,11,59
주유천하,"호프,요리주점",0.6,0.0015455950540958269,010-6558-7744,경북 경산시 하양읍 아낙고개길 12 1층,349,74
장군생고기 진량점,"육류,고기",1.0,0.0015455950540958269,053-851-9994,경북 경산시 진량읍 대구대로 79 1층,332,42
가마솥서울식당,한식,1.0,0.0015455950540958269,053-856-6889,경북 경산시 하양읍 조산천서길 27,10,68
아지트 8-1,카페,1.0,0.0015455950540958269,,경북 경산시 하양읍 아낙고개길 8-1 2층,257,60
카페빈트리,카페,1.0,0.0030911901081916537,053-852-3310,경북 경산시 하양읍 대경로159길 30 1층,391,60
크리미넛,디저트카페,1.0,0.015455950540958269,,경북 경산시 진량읍 공단1로 45,402,19
태성루서울칡냉면,한식,0.2,0.00463678516228748,0507-2090-9120,경북 경산시 진량읍 공단로 456,405,68
서부장연평도해물찜,한식,1.0,0.00463678516228748,053-853-6048,경북 경산시 하양읍 하양로25길 5-1,209,68
카페아이엔지 대구대학교점,카페/디저트,0.6,0.00463678516228748,0506-731-0033,경북 경산시 진량읍 대구대로 201 본관 지하1층,392,61
금화왕돈까스 경산진량점,"돈까스,우동",0.4,0.00927357032457496,053-851-0220,경북 경산시 진량읍 공단로 460 1층 102호,43,16
충격정식,한식,0.96,0.00927357032457496,053-856-0016,경북 경산시 하양읍 하양로27길 8,384,68
더리터 경산진량점,커피전문점,1.0,0.0061823802163833074,,경북 경산시 진량읍 봉황길 41 진량봉암빌딩 1층 108호,88,63
땅스부대찌개 경산하양점,"찌개,전골",1.0,0.0401854714064915,010-6293-5090,경북 경산시 하양읍 하양로 87-2 1층,110,55
비호생활관 학생식당 다올,구내식당,0.86,0.0030911901081916537,,경북 경산시 진량읍 대구대로 201 대구대학교경산캠퍼스 2층,196,6
우리할매떡볶이 경산하양점,떡볶이,0.9,0.021638330757341576,053-856-3417,경북 경산시 하양읍 하양로 35 하양3차우방타운 105동 1층 102호,298,21
원조24시 굴뚝배기전문,한정식,0.7,0.00463678516228748,053-852-2282,경북 경산시 진량읍 대학로 1394,304,70
파라글로우,카페,0.86,0.29675425038639874,070-7774-9609,경북 경산시 진량읍 공단7로 3 2층,418,60
임가네해물촌 진량점,한식,0.8,0.00927357032457496,053-856-3386,경북 경산시 진량읍 대학로 1410,331,68
서산옥 진량직영점,곰탕,0.8,0.0061823802163833074,053-851-3431,경북 경산시 진량읍 다문로 5 1층,211,4
명랑핫도그 하양점,패스트푸드,0.8,0.0030911901081916537,053-216-9716,경북 경산시 하양읍 하양로 74-1 1층,143,65
노브랜드버거 경산하양점,패스트푸드,0.6599999999999999,0.010819165378670788,053-851-3469,"경북 경산시 하양읍 하양로 34 가동 104,105호",63,65
락참치연어 경산하양점,참치회,1.0,0.010819165378670788,0507-1463-4404,경북 경산시 하양읍 서사도리7로 19 골든스테이트 1층,115,56
러빗커피,카페/디저트,1.0,0.0061823802163833074,,경북 경산시 진량읍 대구대로60길 5-10 1층,116,61
종이밥 대구대점,분식,0.7,0.00463678516228748,053-854-3420,경북 경산시 진량읍 대구대로 252,348,25
권판태 한우식육식당,"육류,고기",1.0,0.0015455950540958269,053-268-1555,경북 경산시 진량읍 황제1길 112,42,42
여부초밥 하양직영점,일식,0.86,0.0015455950540958269,053-854-0998,경북 경산시 하양읍 대경로147길 8,270,48
가마치통닭 하양점,치킨,0.7,0.00463678516228748,0507-978-9464,경북 경산시 하양읍 하양로 195,12,59
빨봉분식 대구대학교점,분식,0.8,0.0030911901081916537,,경북 경산시 진량읍 대구대로 216-1 1층,198,25
막창도둑 진량점,"곱창,막창",1.0,0.06646058732612056,053-854-7714,경북 경산시 진량읍 공단2로7길 22,130,5
낫낫,베트남음식,0.9400000000000001,0.1143740340030912,053-851-7906,경북 경산시 하양읍 대학로 1512-2 1층,59,23
신전떡볶이 하양점,떡볶이,0.52,0.015455950540958269,053-852-6339,경북 경산시 하양읍 문화로 14 1층,245,21
산호아나고,장어,1.0,0.00463678516228748,053-851-8811,경북 경산시 진량읍 공단1로 13,202,50
베트남노상식당 하양점,베트남음식,0.76,0.027820710973724884,053-851-8588,경북 경산시 하양읍 하양로25길 30 1층,177,23
96황막,"곱창,막창",0.8400000000000001,0.017001545595054096,053-854-2543,경북 경산시 하양읍 하양역길 16 1층,3,5
미진축산 경산하양무학점,"육류,고기",0.9,0.023183925811437404,0507-1479-8323,경북 경산시 하양읍 서사도리9로 18 1층,157,42
고기마실,"육류,고기",0.6799999999999999,0.14219474497681608,053-857-3232,경북 경산시 진량읍 공단1로 23,26,42
하양주택,"호프,요리주점",1.0,0.023183925811437404,,경북 경산시 하양읍 대학로305길 34-4,443,74
해르트,커피전문점,0.9199999999999999,0.015455950540958269,010-9801-8021,경북 경산시 하양읍 하양로 45 2층,453,63
텐퍼센트커피 경산하양점,커피전문점,1.0,0.0015455950540958269,053-213-0815,경북 경산시 하양읍 하양로 55 1층,409,63
마사커피 하양점,카페/디저트,1.0,0.0030911901081916537,,경북 경산시 하양읍 대학로 1527,125,61
촛대바위,한식,1.0,0.0015455950540958269,,경북 경산시 진량읍 대구대로 93,381,68
가야 청국장,한식,0.72,0.01854714064914992,053-854-7711,경북 경산시 하양읍 대학로 1517-9,13,68
구스켓인더크로플 하양점,커피전문점,1.0,0.03400309119010819,,경북 경산시 하양읍 금송로 2-1 1층,37,63
다원수제국수,아시아/퓨전,0.76,0.01854714064914992,053-851-6689,경북 경산시 하양읍 동서리 888-3,73,36
리코리아 브리또,한식,1.0,0.0030911901081916537,053-851-7009,경북 경산시 진량읍 대구대로 260,121,68
인생우럭,한식,1.0,0.015455950540958269,,경북 경산시 하양읍 서사도리9로 35,322,68
스윗베어,카페/디저트,1.0,0.0015455950540958269,,경북 경산시 진량읍 상림길 34,231,61
이화수전통육개장 경산진량점,국밥,0.6,0.0030911901081916537,053-852-2112,경북 경산시 진량읍 다문로 86 1층,320,7
다올카페,카페/디저트,1.0,0.02627511591962906,,경북 경산시 와촌면 용천길 133-6,71,61
마츠 하양점,일식,0.86,0.0633693972179289,,경북 경산시 하양읍 대경로147길 13-1 1층,128,48
고인돌식당,한식,1.0,0.00463678516228748,053-851-4799,경북 경산시 진량읍 대구대로 318-3 1층,28,68
BHC치킨 경산무학점,치킨,0.2,0.0061823802163833074,053-857-9292,경북 경산시 하양읍 서사도리9로 6 102호,6,59
동인주막,"호프,요리주점",0.9199999999999999,0.05873261205564142,053-857-5955,경북 경산시 하양읍 무학로3길 2,105,74
여부초밥 하양직영점,일식,0.86,0.0015455950540958269,053-854-0998,경북 경산시 하양읍 대경로147길 8,270,48
가야등뼈,감자탕,0.6599999999999999,0.00463678516228748,053-854-0663,경북 경산시 진량읍 다문로 106,14,2
게으른농담,카페/디저트,1.0,0.01854714064914992,,경북 경산시 하양읍 동서1길 30-3,21,61
맘스터치 대구대점,패스트푸드,0.86,0.0030911901081916537,053-246-2004,경북 경산시 진량읍 대구대로 252-2,135,65
고인돌식당,한식,1.0,0.00463678516228748,053-851-4799,경북 경산시 진량읍 대구대로 318-3 1층,28,68
춘리마라탕 하양점,중국요리,0.6,0.030911901081916538,053-856-1705,경북 경산시 하양읍 하양로 76-1 1층,383,53
권판태 한우식육식당,"육류,고기",1.0,0.0015455950540958269,053-268-1555,경북 경산시 진량읍 황제1길 112,42,42
누리마을감자탕 진량점,감자탕,0.2,0.02009273570324575,053-851-7797,경북 경산시 진량읍 공단로 504,64,2
만리장성,중국요리,1.0,0.0015455950540958269,053-856-6337,경북 경산시 진량읍 낙산길 16-4,132,53
한일상회,실내포장마차,1.0,0.0077279752704791345,053-851-5988,경북 경산시 하양읍 하양역길 25 다동,450,34
핸즈커피 진량점,커피전문점,0.6,0.012364760432766615,053-856-3476,경북 경산시 진량읍 공단로 453 1~2층,454,63
이화참순대,순대,0.86,0.012364760432766615,053-856-3397,경북 경산시 하양읍 대경로147길 8-6,321,32
수복맛식당,"해물,생선",0.96,0.00463678516228748,053-851-0558,경북 경산시 진량읍 일연로 622,223,71
1983족발왕 하양점,"족발,보쌈",1.0,0.012364760432766615,053-857-7238,경북 경산시 하양읍 대경로 669-2 1층,1,52
더벤티 경산하양점,커피전문점,1.0,0.0030911901081916537,053-857-6678,경북 경산시 하양읍 서사도리7로 21 SG타워 107호,89,63
마사커피 대구대점,커피전문점,0.3,0.0015455950540958269,,경북 경산시 진량읍 대구대로 201 1층,124,63
청춘파는상회 대구대점,"육류,고기",1.0,0.0015455950540958269,010-3314-1519,경북 경산시 진량읍 대구대로 252-6 1층,376,42
우야지막창 하양대가대점,"곱창,막창",0.9199999999999999,0.023183925811437404,053-856-3310,경북 경산시 하양읍 대경로 650 1층,300,5
숯,한식,0.6,0.0030911901081916537,,경북 경산시 하양읍 하양로 193,227,68
날마다장터,한식,1.0,0.00463678516228748,053-856-4989,경북 경산시 하양읍 하양로 171 1층,57,68
다원수제국수,국수,0.76,0.01854714064914992,053-851-6689,경북 경산시 하양읍 동서리 888-3,73,8
황금성,중국요리,0.8,0.0015455950540958269,,경북 경산시 진량읍 공단6로 141,470,53
버거리 경산하양점,햄버거,1.0,0.00927357032457496,070-8722-3999,경북 경산시 하양읍 하양역길 18 1층,174,73
왕가네찬팅,중국요리,1.0,0.021638330757341576,053-856-1766,경북 경산시 진량읍 대학로 1408,293,53
드라이브커피,커피전문점,1.0,0.012364760432766615,,경북 경산시 하양읍 화성로 317,107,63
카페봄봄 경산IC점,커피전문점,1.0,0.0015455950540958269,053-241-7701,경북 경산시 진량읍 대학로 950,390,63
더리터 경산점,커피전문점,1.0,0.00463678516228748,053-852-2841,경북 경산시 진량읍 공단1로1길 76 햇빛촌 1층,87,63
일진국수,한식,0.8,0.00463678516228748,053-816-3203,경북 경산시 진량읍 문천길 57 1층,328,68
두부마을,두부전문점,0.2,0.010819165378670788,053-854-9800,경북 경산시 하양읍 화성로 242,106,18
마실커피 하양점,커피전문점,1.0,0.0015455950540958269,,경북 경산시 하양읍 하양로 35 하양3차우방타운 1층,126,63
스타벅스 대구대학교점,카페/디저트,0.9199999999999999,0.030911901081916538,1522-3232,경북 경산시 진량읍 대구대로 201 대구대학교 행복기숙사 1층,235,61
국대떡볶이 대구대학교점,떡볶이,0.6799999999999999,0.0061823802163833074,053-857-7376,경북 경산시 진량읍 대구대로 201 1층,39,21
네네치킨 하양점,치킨,1.0,0.0030911901081916537,053-853-4479,경북 경산시 하양읍 하양역길 18,61,59
육대장 하양점,한식,0.8,0.03245749613601236,053-854-7888,경북 경산시 하양읍 대경로 849,310,68
시골엄마네,한식,0.42000000000000004,0.0015455950540958269,053-851-9550,경북 경산시 와촌면 섬마을길 13-4,239,68
제일구락부 대구대점,카페/디저트,1.0,0.00927357032457496,,경북 경산시 진량읍 대구대로 230 A동,345,61
경미순대국밥,순대,1.0,0.013910355486862442,053-852-8288,경북 경산시 진량읍 공단6로 167,22,32
마차이짬뽕 하양점,중국요리,1.0,0.0061823802163833074,053-801-9120,경북 경산시 하양읍 대학로305길 51,127,53
엄마밥상,한식,0.4,0.0015455950540958269,,경북 경산시 하양읍 지식산업로 140,269,68
대가선지해장국,해장국,0.86,0.00463678516228748,053-853-9200,경북 경산시 하양읍 하양로 192,75,72
마마미,중국요리,0.8,0.0030911901081916537,053-259-6868,경북 경산시 하양읍 하양역길 16 2층,122,53
어림지 해장국,한식,0.8,0.00927357032457496,053-857-8280,경북 경산시 하양읍 대경로 882 1층,265,68
파리바게뜨 하양무학점,"제과,베이커리",0.6,0.0061823802163833074,053-852-0777,"경북 경산시 하양읍 서사도리4로 1 하양센트럴타워 105,106호",420,51
스시카츠 하양점,"초밥,롤",1.0,0.04636785162287481,053-852-7445,경북 경산시 하양읍 대경로 669-6 1층,230,57
리안,카페,1.0,0.00463678516228748,,경북 경산시 하양읍 서사도리7로 28 1층,120,60
카츠데이,"돈까스,우동",1.0,0.0061823802163833074,010-2135-9032,경북 경산시 진량읍 대구대로 244 1층,388,16
중남식당,한식,0.74,0.04482225656877898,053-851-2256,경북 경산시 하양읍 금송로 37,351,68
맘스터치 대구대점,양식,0.86,0.0030911901081916537,053-246-2004,경북 경산시 진량읍 대구대로 252-2,135,40
신제주해장국 하양점,해장국,0.8,0.027820710973724884,053-853-9909,경북 경산시 하양읍 하양로 48 1층,246,72
가마솥서울식당,한식,1.0,0.0015455950540958269,053-856-6889,경북 경산시 하양읍 조산천서길 27,10,68
파리바게뜨 하양무학점,"제과,베이커리",0.6,0.0061823802163833074,053-852-0777,"경북 경산시 하양읍 서사도리4로 1 하양센트럴타워 105,106호",420,51
긴자료코 경산하양점,"돈까스,우동",1.0,0.10973724884080371,053-852-3171,경북 경산시 하양읍 서사도리9로 25 드림스퀘어1 1층 106호,46,16
가마치통닭 하양점,치킨,0.7,0.00463678516228748,0507-978-9464,경북 경산시 하양읍 하양로 195,12,59
일진국수,국수,0.8,0.00463678516228748,053-816-3203,경북 경산시 진량읍 문천길 57 1층,328,8
청년찌개 하양점,"찌개,전골",1.0,0.11901081916537867,070-8691-1557,경북 경산시 진량읍 상림2길 11 1층,370,55
게으른농담,카페,1.0,0.01854714064914992,,경북 경산시 하양읍 동서1길 30-3,21,60
샌드샌드,카페,1.0,0.012364760432766615,010-5170-0720,경북 경산시 진량읍 다문로 382 2층,207,60
호식이두마리치킨 하양점,치킨,0.33999999999999997,0.0030911901081916537,053-854-5592,경북 경산시 하양읍 금송로 25-1 1층,462,59
오미가미,한식,1.0,0.0030911901081916537,,경북 경산시 진량읍 공단로 462,280,68
산아래,"육류,고기",1.0,0.0030911901081916537,053-854-8338,경북 경산시 하양읍 동서2길 41,201,42
언덕숯불구이,"육류,고기",1.0,0.010819165378670788,053-851-1949,경북 경산시 진량읍 봉황길 73,267,42
영천냄비돈까스빨간지붕 하양점,"돈까스,우동",0.82,0.02627511591962906,053-852-7722,경북 경산시 하양읍 대경로 669-6 1층,275,16
오가네짬뽕,중국요리,1.0,0.021638330757341576,,경북 경산시 하양읍 서사도리9로 18 골드주차타워 102호,277,53
일미닭갈비밀면 대구대점,닭요리,0.6,0.0077279752704791345,053-853-1219,경북 경산시 진량읍 대구대로 238 2층,326,14
강원도래요,감자탕,0.54,0.0015455950540958269,053-852-8494,경북 경산시 하양읍 대학로298길 19 1층,19,2
봉회식육식당&봉식이짜글이 본점,"육류,고기",0.9800000000000001,0.06027820710973725,010-9126-6678,경북 경산시 진량읍 공단로 574,189,42
미도방분식,분식,1.0,0.0077279752704791345,053-854-0004,경북 경산시 하양읍 하양로 119-1,151,25
진배기원조할매국밥 진량점,국밥,0.6,0.00463678516228748,053-856-8868,경북 경산시 진량읍 공단로 480,359,7
환도네,"육류,고기",1.0,0.04791344667697063,010-5510-7309,경북 경산시 진량읍 대구대로 283 1층,469,42
엄마네손맛,한식,0.8,0.0015455950540958269,053-854-3443,경북 경산시 하양읍 대곡로 8,268,68
보길도낙지 진량직영점,"해물,생선",0.82,0.19938176197836166,053-851-0043,경북 경산시 진량읍 공단1로 24,179,71
호야,중식,1.0,0.00927357032457496,053-857-6344,경북 경산시 하양읍 하양로 18 1층,463,54
빨강창꼬,술집,1.0,0.0015455950540958269,,경북 경산시 진량읍 대구대로 287,197,33
정든밤,한식,1.0,0.010819165378670788,,경북 경산시 하양읍 하양역길 10,341,68
홍이왕족발,"족발,보쌈",1.0,0.00463678516228748,,경북 경산시 하양읍 대학로305길 35-2,467,52
후아닝,중국요리,0.9,0.0030911901081916537,053-857-7654,경북 경산시 진량읍 대구대로 246 1층,473,53
풍성맷돌두부,두부전문점,0.6,0.010819165378670788,053-856-0089,경북 경산시 진량읍 공단2로3길 97,430,18
명륜진사갈비 경산하양점,갈비,0.9,0.05873261205564142,053-856-1238,경북 경산시 하양읍 하양로 56 2층,144,1
역전우동0410 경산대구대점,일식,0.4,0.0015455950540958269,053-853-1790,경북 경산시 진량읍 대구대로 252-3 1층,271,48
태성추어탕,추어,1.0,0.012364760432766615,053-851-7552,경북 경산시 하양읍 하양로 221,406,58
산아래,"육류,고기",1.0,0.0030911901081916537,053-854-8338,경북 경산시 하양읍 동서2길 41,201,42
다원수제국수,아시아/퓨전,0.76,0.01854714064914992,053-851-6689,경북 경산시 하양읍 동서리 888-3,73,36
도미노피자 하양점,피자,0.4,0.0061823802163833074,053-856-3084,경북 경산시 하양읍 대경로 657,96,67
본도시락 경산하양점,한식,0.9400000000000001,0.010819165378670788,053-853-4282,경북 경산시 하양읍 대학로 1514 1층,182,68
춘리마라탕 하양점,중국요리,0.6,0.030911901081916538,053-856-1705,경북 경산시 하양읍 하양로 76-1 1층,383,53
홍대불고기 대구대점,"불고기,두루치기",0.8400000000000001,0.00927357032457496,010-5577-1738,경북 경산시 진량읍 대구대로 212,466,26
호식이두마리치킨 하양동서점,치킨,1.0,0.0030911901081916537,,"경북 경산시 하양읍 하양로 202-10 하양2차청구타운아파트 상가 113동 1층 103,104호",461,59
서양국수,이탈리안,1.0,0.00927357032457496,,경북 경산시 하양읍 하양역길 18,212,44
하양주택,"호프,요리주점",1.0,0.023183925811437404,,경북 경산시 하양읍 대학로305길 34-4,443,74
소삼장,갈비,0.9,0.0015455950540958269,053-853-0004,경북 경산시 진량읍 공단로 476,218,1
샤브향 경산하양점,동남아음식,0.6799999999999999,0.08809891808346214,053-854-8998,경북 경산시 하양읍 대경로 851,208,17
게으른농담,카페,1.0,0.01854714064914992,,경북 경산시 하양읍 동서1길 30-3,21,60
조방낙지,한식,0.96,0.0030911901081916537,053-853-2651,경북 경산시 하양읍 대경로 745,347,68
동근이숯불두마리치킨 경산하양점,치킨,1.0,0.0015455950540958269,053-851-6996,경북 경산시 하양읍 하양로 53 1층,101,59
골목숯불뒷고기,한식,1.0,0.0015455950540958269,053-854-9006,경북 경산시 진량읍 공단2로7길 8 1층,30,68
육대장 하양점,한식,0.8,0.03245749613601236,053-854-7888,경북 경산시 하양읍 대경로 849,310,68
스시201,"초밥,롤",0.7,0.1205564142194745,053-710-2010,경북 경산시 하양읍 하양로 46,229,57
대호돼지국밥,한식,0.9400000000000001,0.04327666151468315,053-854-0058,경북 경산시 와촌면 하양로 370,86,68
취주선,양꼬치,1.0,0.0061823802163833074,,경북 경산시 하양읍 아낙고개길 9,385,39
베트남노상식당 하양점,베트남음식,0.76,0.027820710973724884,053-851-8588,경북 경산시 하양읍 하양로25길 30 1층,177,23
충격정식,한식,0.96,0.00927357032457496,053-856-0016,경북 경산시 하양읍 하양로27길 8,384,68
심분열보쌈식족발 하양점,"족발,보쌈",1.0,0.012364760432766615,053-851-9512,경북 경산시 하양읍 하양역길 13,249,52
미소국수 경산하양점,아시아/퓨전,0.9,0.03863987635239567,,경북 경산시 하양읍 대경로147길 14-5 1층,154,36
크라운호프 경산하양점,"호프,요리주점",1.0,0.0030911901081916537,,경북 경산시 하양읍 하양로 61-1,401,74
청춘파는상회 대구대점,한식,1.0,0.0015455950540958269,010-3314-1519,경북 경산시 진량읍 대구대로 252-6 1층,376,68
회식,"초밥,롤",0.9400000000000001,0.017001545595054096,053-856-0862,경북 경산시 진량읍 공단로 454,471,57
스타벅스 경산하양DT점,카페/디저트,0.96,0.07418856259659969,1522-3232,경북 경산시 진량읍 대학로 1417,233,61
샤브향 경산하양점,아시아/퓨전,0.6799999999999999,0.08809891808346214,053-854-8998,경북 경산시 하양읍 대경로 851,208,36
핸즈커피 하양점,커피전문점,0.9400000000000001,0.23338485316846985,053-851-1088,경북 경산시 하양읍 하양로 232,455,63
이대박숯불갈비,"육류,고기",1.0,0.00463678516228748,053-853-2592,경북 경산시 진량읍 낙산길 65 1층,315,42
시오다과,"제과,베이커리",1.0,0.012364760432766615,053-851-9082,경북 경산시 하양읍 서사도리5로 15 센텀1번가,240,51
서산옥,한식,0.9,0.012364760432766615,053-854-3431,경북 경산시 와촌면 하양로 429 1층,210,68
